product_id,product_category_name,month_year,qty,total_price,freight_price,unit_price,product_name_lenght,product_description_lenght,product_photos_qty,product_weight_g,product_score,customers,weekday,weekend,holiday,month,year,s,volume,comp_1,ps1,fp1,comp_2,ps2,fp2,comp_3,ps3,fp3,lag_price,estimated_cost,profit,avg_competitor_price,price_vs_competitor,is_cheaper_than_market,is_holiday_season,rolling_demand_7d,rolling_demand_30d,demand_deviation,inventory_level,demand_shock,price_change,demand_change,elasticity_score
cool2,cool_stuff,2017-07-01,51,3407.82,5.13,66.82,21,322,1,465,4.4,135,18,8,0,7,2017,4.8521,8933,73.4,3.8,20.49,72.85,4.5,29.47,62.37,3.5,23.96,66.98,40.09,1363.23,69.54,0.9609,1,0,54.67,63.54,-12.54,98,0,0.0991,-0.2816,-2.8416
garden4,garden_tools,2017-09-01,62,8247.24,20.45,133.02,28,231,5,2670,3.7,12,18,6,2,9,2017,3.1197,48921,163.9,3.3,27.4,152.68,5.0,18.89,168.0,4.7,12.67,135.29,79.81,3299.02,161.53,0.8235,1,0,71.18,63.75,-1.75,134,0,-0.0955,0.2589,-2.711
watches4,watches,2017-11-01,57,6786.42,19.05,119.06,62,437,1,3519,4.6,73,21,6,1,11,2017,16.8087,9611,102.86,3.5,26.18,90.89,4.8,9.75,123.95,3.7,15.37,116.31,71.44,2714.34,105.9,1.1243,0,1,50.4,51.39,5.61,158,0,-0.0774,0.1387,-1.792
computers3,computers,2017-09-01,66,16818.78,17.31,254.83,55,503,3,2576,3.1,38,21,6,2,9,2017,7.6049,38950,225.27,4.9,12.88,343.41,4.3,19.55,226.59,4.7,22.82,249.16,152.9,6727.38,265.09,0.9613,1,0,59.05,55.06,10.94,123,0,0.0219,-0.0516,-2.3562
health2,health_beauty,2017-09-01,8,526.08,20.21,65.76,41,475,5,890,3.3,125,19,6,0,9,2017,9.2305,48747,63.01,4.4,11.91,63.83,3.6,10.11,80.04,4.4,14.66,68.61,39.46,210.4,68.96,0.9536,1,0,6.69,8.93,-0.93,24,0,0.0641,-0.0997,-1.5554
cool2,cool_stuff,2017-09-01,26,1918.8,15.26,73.8,41,475,4,3669,3.7,20,18,8,2,9,2017,11.0495,15547,70.84,4.0,29.54,105.82,3.5,17.99,75.13,3.4,19.71,75.45,44.28,767.52,83.93,0.8793,1,0,26.18,27.7,-1.7,76,0,-0.043,0.0985,-2.2907
watches8,watches,2018-02-01,51,3217.08,19.08,63.08,41,146,2,846,3.2,106,23,7,1,2,2018,17.1102,8584,78.18,3.0,18.18,93.08,4.6,6.85,68.56,4.0,9.63,63.57,37.85,1286.73,79.94,0.7891,1,0,47.14,65.31,-14.31,168,0,-0.0522,0.0191,-0.3659
health4,health_beauty,2018-02-01,45,4480.2,23.7,99.56,53,206,3,412,3.5,111,18,8,1,2,2018,13.715,22251,94.63,5.0,27.66,88.52,4.8,20.14,89.66,4.4,19.99,101.03,59.74,1791.9,90.94,1.0948,0,0,50.55,44.15,0.85,173,0,0.0574,-0.0266,-0.4634
computers6,computers,2017-07-01,44,10942.36,12.52,248.69,48,207,3,4733,4.7,195,22,7,1,7,2017,13.0712,16953,293.42,4.3,9.1,272.71,4.1,17.92,211.68,3.5,26.54,236.98,149.21,4377.12,259.27,0.9592,1,0,39.57,55.76,-11.76,166,0,-0.0887,0.1253,-1.4126
computers6,computers,2017-05-01,5,1043.55,19.16,208.71,57,364,2,1020,4.9,164,22,8,0,5,2017,5.1621,20808,228.86,3.6,21.07,156.73,3.5,23.5,237.32,4.7,26.72,211.17,125.23,417.4,207.64,1.0052,0,0,5.12,6.07,-1.07,19,0,-0.0261,0.0524,-2.0077
health5,health_beauty,2017-09-01,26,2357.68,14.51,90.68,65,304,2,1177,3.6,30,19,9,1,9,2017,11.2374,39468,103.74,4.8,25.25,108.7,3.2,20.77,98.1,4.1,23.11,90.77,54.41,943.02,103.51,0.8761,1,0,23.98,19.66,6.34,55,0,0.0012,-0.0023,-1.9167
perfumery1,perfumery,2018-06-01,68,9666.88,18.49,142.16,52,178,4,2929,3.5,48,23,9,0,6,2018,14.8769,30577,185.22,3.5,28.68,171.37,3.2,18.74,158.81,3.3,23.64,142.81,85.3,3866.48,171.8,0.8275,1,0,71.17,80.76,-12.76,124,0,0.0121,-0.0223,-1.843
cool4,cool_stuff,2018-01-01,19,1647.68,20.26,86.72,37,254,3,2481,3.6,111,18,9,2,1,2018,19.5187,43546,90.42,4.1,13.43,81.14,4.4,22.24,104.69,4.2,18.95,85.5,52.03,659.11,92.08,0.9418,1,0,16.5,20.88,-1.88,43,0,0.0457,-0.044,-0.9628
health5,health_beauty,2018-06-01,20,929.2,5.91,46.46,26,370,3,3718,3.6,55,23,9,1,6,2018,5.6253,35275,58.66,4.3,23.12,54.3,3.8,8.6,53.01,5.0,19.62,44.52,27.88,371.6,55.32,0.8398,1,0,17.67,22.19,-2.19,75,0,-0.029,0.0503,-1.7345
bed3,bed_bath_table,2017-05-01,12,957.0,17.93,79.75,20,575,1,897,3.1,75,19,6,1,5,2017,2.1718,49070,83.99,3.4,18.47,73.3,4.8,19.88,74.06,3.3,8.34,77.3,47.85,382.8,77.12,1.0341,0,0,12.87,9.6,2.4,47,0,0.0225,-0.0135,-0.6
health3,health_beauty,2017-07-01,47,3091.66,9.53,65.78,52,584,5,4543,4.9,100,22,6,1,7,2017,3.3554,46597,66.59,5.0,6.52,57.27,4.5,9.3,66.59,4.6,16.1,68.74,39.47,1236.57,63.48,1.0362,0,0,43.82,37.05,9.95,171,0,0.0171,-0.0061,-0.3567
bed2,bed_bath_table,2018-05-01,1,118.23,18.4,118.23,20,346,5,372,3.4,173,22,8,2,5,2018,8.7653,25003,162.59,4.5,22.25,146.44,3.4,28.14,148.69,3.4,16.27,117.15,70.94,47.29,152.57,0.7749,1,0,0.92,1.27,-0.27,2,0,0.0095,-0.0196,-2.0632
health5,health_beauty,2018-05-01,14,364.42,14.37,26.03,43,118,1,3110,3.8,120,21,8,1,5,2018,16.7698,3279,23.7,4.1,22.25,25.89,4.2,6.71,31.14,4.6,28.96,25.94,15.62,145.74,26.91,0.9673,1,0,11.68,12.66,1.34,54,0,0.0281,-0.0402,-1.4306
garden5,garden_tools,2017-08-01,64,4045.44,20.47,63.21,23,445,5,4915,3.0,91,19,9,0,8,2017,2.1286,21804,53.99,3.4,28.27,75.39,3.9,15.76,69.56,4.5,15.78,60.38,37.93,1617.92,66.31,0.9532,1,0,66.57,76.88,-12.88,164,0,-0.0481,0.1315,-2.7339
cool1,cool_stuff,2018-06-01,110,3669.6,7.47,33.36,23,535,2,1873,4.7,132,19,7,2,6,2018,10.2212,1255,42.12,3.1,17.43,35.86,4.2,22.39,32.19,3.6,18.73,31.82,20.02,1467.4,36.72,0.9085,1,0,107.49,113.74,-3.74,58,1,-0.0831,0.2027,-2.4392
bed2,bed_bath_table,2017-05-01,125,6770.0,17.53,54.16,37,125,5,2647,4.5,108,18,9,2,5,2017,7.9262,39763,45.55,3.6,10.76,80.6,4.5,16.45,53.4,3.7,18.33,55.34,32.5,2707.5,59.85,0.9049,1,0,113.35,144.65,-19.65,96,1,-0.0761,0.1402,-1.8423
health2,health_beauty,2017-05-01,11,647.02,10.57,58.82,46,316,5,3264,4.9,44,18,8,2,5,2017,2.9447,43455,76.6,4.5,6.11,50.71,4.6,7.3,69.37,4.6,20.92,59.04,35.29,258.83,65.56,0.8972,1,0,8.83,9.8,1.2,18,0,-0.0551,0.1335,-2.4229
furniture1,furniture,2017-12-01,3,485.97,22.06,161.99,62,253,1,4880,4.6,168,21,9,2,12,2017,10.1043,42781,172.08,3.5,15.39,177.94,4.7,18.83,199.74,3.9,23.71,162.13,97.19,194.4,183.25,0.884,1,1,2.72,3.21,-0.21,9,0,0.0,-0.0,0.0
watches1,watches,2018-08-01,33,5557.53,23.57,168.41,51,253,4,4817,3.6,165,20,8,2,8,2018,6.5855,17900,227.24,4.1,12.55,212.25,3.5,21.04,194.03,4.5,10.63,164.08,101.05,2222.88,211.17,0.7975,1,0,31.02,34.89,-1.89,77,0,0.0681,-0.1741,-2.5565
health3,health_beauty,2017-06-01,6,525.24,24.93,87.54,52,273,5,1046,3.5,112,23,9,0,6,2017,8.3339,40615,107.93,4.5,24.03,91.62,3.1,22.59,106.3,3.3,18.22,89.68,52.52,210.12,101.95,0.8587,1,0,4.94,5.67,0.33,16,0,0.0403,-0.0695,-1.7246
health10,health_beauty,2018-04-01,50,4720.0,20.92,94.4,47,191,5,2765,4.4,138,20,7,2,4,2018,14.7011,14749,110.09,3.2,13.86,139.81,4.5,14.33,112.81,4.7,25.65,91.27,56.64,1888.0,120.9,0.7808,1,0,43.12,55.3,-5.3,152,0,0.0578,-0.0754,-1.3045
garden2,garden_tools,2018-07-01,10,338.0,20.07,33.8,61,532,4,606,3.7,34,20,9,1,7,2018,11.3879,48147,46.29,4.4,28.73,43.65,3.2,19.09,31.01,4.4,16.58,32.75,20.28,135.2,40.32,0.8383,1,0,10.51,10.56,-0.56,37,0,-0.0298,0.0317,-1.0638
consoles2,consoles_games,2017-12-01,5,367.15,9.31,73.43,60,437,1,343,4.1,52,19,7,2,12,2017,4.2437,47325,76.22,3.2,29.06,91.25,3.6,16.27,76.42,4.8,11.96,73.14,44.06,146.85,81.3,0.9032,1,1,5.23,6.1,-1.1,16,0,-0.0191,0.0368,-1.9267
garden3,garden_tools,2017-11-01,23,2504.47,11.72,108.89,55,579,4,605,3.0,93,23,7,2,11,2017,19.3055,45325,149.45,4.9,20.52,143.49,3.0,21.8,100.05,3.3,21.37,106.56,65.33,1001.88,131.0,0.8312,1,1,25.54,21.03,1.97,59,0,-0.0213,0.0121,-0.5681
watches5,watches,2018-02-01,10,1575.9,14.31,157.59,25,280,1,4617,3.1,60,19,8,2,2,2018,13.4464,25100,138.84,4.0,28.22,230.79,4.4,19.59,150.63,4.2,25.59,153.61,94.55,630.4,173.42,0.9087,1,0,10.06,7.16,2.84,35,0,-0.0616,0.0868,-1.4091
watches4,watches,2018-02-01,44,5555.0,20.47,126.25,35,230,2,3258,4.1,139,23,7,2,2,2018,15.7856,38206,137.64,3.3,24.02,180.65,3.3,18.14,156.7,4.2,6.58,128.08,75.75,2222.0,158.33,0.7974,1,0,38.59,38.28,5.72,166,0,-0.0878,0.1554,-1.7699
bed3,bed_bath_table,2017-06-01,2,113.16,23.3,56.58,53,549,1,3690,4.1,135,22,6,2,6,2017,3.4258,19722,54.43,3.7,18.67,73.17,4.3,11.24,60.13,3.7,24.42,57.43,33.95,45.26,62.58,0.9041,1,0,1.88,1.48,0.52,4,0,0.0182,-0.0512,-2.8132
perfumery2,perfumery,2017-10-01,13,1018.94,8.78,78.38,42,580,2,1972,4.5,78,19,6,0,10,2017,2.8471,34005,88.09,3.8,9.51,102.82,5.0,5.05,85.51,3.9,25.54,80.92,47.03,407.55,92.14,0.8507,1,0,14.46,10.93,2.07,37,0,0.0978,-0.1661,-1.6984
computers2,computers,2017-10-01,40,13128.8,23.45,328.22,69,397,2,3893,3.3,18,19,6,0,10,2017,2.3501,39468,294.48,4.5,16.46,282.09,3.1,9.35,305.34,3.1,16.54,325.52,196.93,5251.6,293.97,1.1165,0,0,45.94,44.95,-4.95,88,0,-0.0666,0.0467,-0.7012
health2,health_beauty,2017-07-01,2,61.86,18.91,30.93,61,374,1,1292,4.0,11,19,8,2,7,2017,5.3983,41639,40.36,4.5,19.02,25.58,3.2,7.93,30.64,4.5,29.58,29.61,18.56,24.74,32.19,0.9609,1,0,2.12,1.46,0.54,3,0,-0.0907,0.116,-1.2789
computers4,computers,2018-03-01,65,19426.55,17.22,298.87,43,372,3,4525,3.4,171,21,6,0,3,2018,9.4594,49883,390.88,4.2,26.6,352.12,3.7,16.23,285.01,4.1,24.67,292.11,179.32,7770.75,342.67,0.8722,1,0,52.63,70.51,-5.51,206,0,0.0559,-0.0374,-0.6691
cool2,cool_stuff,2017-06-01,128,7513.6,9.0,58.7,68,591,1,4845,3.2,197,19,8,1,6,2017,18.8449,41802,80.6,3.2,17.03,44.83,4.7,20.31,55.34,3.1,24.34,61.52,35.22,3005.44,60.26,0.9741,1,0,146.58,155.41,-27.41,230,1,-0.0495,0.08,-1.6162
watches7,watches,2018-04-01,17,2362.15,6.11,138.95,32,516,5,1564,3.8,198,18,8,2,4,2018,10.2271,29648,124.06,3.3,27.44,154.48,3.4,10.33,158.0,4.4,23.7,140.29,83.37,944.86,145.51,0.9549,1,0,16.89,17.18,-0.18,32,0,0.0659,-0.1758,-2.6677
bed4,bed_bath_table,2017-05-01,9,610.02,16.37,67.78,37,175,5,490,3.3,168,18,6,1,5,2017,7.2246,22802,79.57,3.2,21.86,61.53,3.7,28.48,65.45,3.9,8.77,69.2,40.67,243.99,68.85,0.9845,1,0,10.41,9.19,-0.19,32,0,0.0408,-0.1208,-2.9608
health10,health_beauty,2017-10-01,15,607.5,18.03,40.5,32,276,3,4576,3.4,19,23,7,1,10,2017,12.1148,3123,43.92,4.2,8.42,40.89,3.1,5.17,45.94,3.1,10.43,38.5,24.3,243.0,43.58,0.9293,1,0,17.37,17.57,-2.57,55,0,0.0891,-0.1917,-2.1515
watches3,watches,2018-04-01,24,5602.8,9.22,233.45,68,283,2,3477,3.6,123,22,9,2,4,2018,4.0148,9146,235.0,4.8,29.87,310.92,4.5,24.31,204.57,4.9,16.6,233.88,140.07,2241.12,250.16,0.9332,1,0,25.87,27.08,-3.08,91,0,-0.0182,0.019,-1.044
computers4,computers,2017-09-01,38,6350.94,16.13,167.13,56,418,3,4937,3.5,85,21,8,1,9,2017,12.9711,14043,168.96,3.9,18.18,243.33,3.8,20.63,152.72,4.9,11.6,159.4,100.28,2540.3,188.34,0.8874,1,0,35.75,38.43,-0.43,82,0,0.0324,-0.0255,-0.787
garden1,garden_tools,2018-06-01,35,897.75,22.13,25.65,62,230,5,772,3.2,173,23,6,1,6,2018,12.2318,29460,26.87,3.3,14.8,20.63,4.5,14.34,24.97,4.0,15.38,25.83,15.39,359.1,24.16,1.0617,0,0,28.94,27.57,7.43,132,0,-0.007,0.0152,-2.1714
bed2,bed_bath_table,2018-06-01,49,4238.99,21.7,86.51,58,462,3,2660,3.2,94,18,8,1,6,2018,16.2559,23285,105.8,4.1,21.48,99.55,4.8,6.26,96.78,3.2,27.21,90.15,51.91,1695.4,100.71,0.859,1,0,46.68,36.26,12.74,113,0,0.0261,-0.0421,-1.613
health1,health_beauty,2018-03-01,69,2452.26,23.55,35.54,61,148,1,1311,3.4,58,21,7,2,3,2018,19.7604,13317,41.19,4.6,7.72,50.18,3.5,20.69,41.02,4.5,25.61,37.2,21.32,981.18,44.13,0.8053,1,0,77.59,65.6,3.4,199,0,-0.0101,0.0184,-1.8218
garden3,garden_tools,2018-01-01,62,2099.94,12.32,33.87,36,154,3,1029,3.1,79,21,7,2,1,2018,6.5157,31906,36.44,4.5,20.91,27.5,4.6,14.64,35.54,4.0,20.75,34.01,20.32,840.1,33.16,1.0214,0,0,68.58,47.5,14.5,101,0,-0.0623,0.1153,-1.8507
computers2,computers,2017-05-01,60,13999.2,11.36,233.32,34,253,2,1639,4.3,186,22,6,1,5,2017,11.1738,23956,197.29,4.8,17.46,319.27,3.1,28.41,245.13,3.6,26.45,232.34,139.99,5599.8,253.9,0.9189,1,0,56.21,73.53,-13.53,97,0,0.0016,-0.0038,-2.375
computers3,computers,2018-08-01,50,8033.0,19.99,160.66,37,454,1,1012,3.6,140,21,8,2,8,2018,18.3596,24277,136.02,3.6,15.17,163.61,4.8,18.55,188.94,4.0,24.59,167.81,96.4,3213.0,162.86,0.9865,1,0,43.14,45.98,4.02,165,0,0.0057,-0.0149,-2.614
furniture3,furniture,2018-07-01,9,2475.54,13.62,275.06,42,299,4,743,3.6,142,19,9,2,7,2018,16.1334,21414,220.43,3.4,28.83,272.74,4.3,28.49,235.76,4.0,15.72,279.84,165.04,990.18,242.98,1.132,0,0,9.82,7.96,1.04,24,0,0.0621,-0.1521,-2.4493
watches3,watches,2018-07-01,34,1981.86,6.75,58.29,49,407,5,4622,3.7,198,21,9,1,7,2018,10.7733,30053,80.48,4.8,18.06,86.45,4.7,10.51,58.49,4.1,10.03,55.75,34.97,792.88,75.14,0.7758,1,0,38.0,31.41,2.59,73,0,0.0471,-0.134,-2.845
watches6,watches,2017-11-01,35,7828.1,10.66,223.66,53,455,5,601,4.3,99,22,8,2,11,2017,19.0167,24048,179.63,4.3,10.48,201.44,3.0,23.14,272.51,3.9,17.86,222.89,134.2,3131.1,217.86,1.0266,0,1,35.85,41.07,-6.07,69,0,0.0328,-0.0802,-2.4451
perfumery1,perfumery,2018-07-01,1,95.77,13.37,95.77,23,472,3,829,4.7,35,23,8,0,7,2018,3.0303,37765,82.54,3.6,16.47,121.62,3.3,20.43,107.4,4.2,23.41,93.28,57.46,38.31,103.85,0.9222,1,0,1.1,0.75,0.25,3,0,-0.0773,0.2299,-2.9741
cool4,cool_stuff,2017-09-01,40,2681.6,10.85,67.04,22,217,1,1383,4.5,81,22,8,2,9,2017,18.758,41201,66.29,4.5,27.98,91.58,3.8,23.49,67.16,4.8,15.91,66.84,40.22,1072.8,75.01,0.8937,1,0,38.85,32.21,7.79,60,0,0.0441,-0.0548,-1.2426
bed4,bed_bath_table,2017-09-01,64,3809.92,11.64,59.53,26,362,4,2218,4.5,14,22,6,0,9,2017,2.9091,7227,76.46,4.6,9.4,46.49,3.8,10.37,74.86,3.7,21.67,59.26,35.72,1523.84,65.94,0.9028,1,0,58.65,55.06,8.94,225,0,0.0001,-0.0002,-2.0
bed2,bed_bath_table,2018-06-01,102,4482.9,10.88,43.95,37,145,1,4652,4.0,24,18,7,1,6,2018,11.8515,45424,60.53,4.2,10.35,55.06,3.5,21.62,52.64,4.5,7.36,44.31,26.37,1793.16,56.08,0.7837,1,0,95.57,83.49,18.51,37,1,0.0788,-0.0217,-0.2754
computers1,computers,2017-06-01,60,21371.4,5.83,356.19,61,401,5,4486,4.4,132,19,9,2,6,2017,18.0279,32927,453.79,4.4,5.33,521.34,3.8,17.45,345.22,4.8,23.7,351.09,213.71,8548.8,440.12,0.8093,1,0,70.45,43.64,16.36,119,0,0.084,-0.2064,-2.4571
consoles2,consoles_games,2018-03-01,64,11150.72,17.74,174.23,26,455,1,3936,4.1,153,18,6,1,3,2018,6.729,17192,211.57,3.8,5.35,146.9,3.3,23.57,198.69,3.9,25.32,168.38,104.54,4460.16,185.72,0.9381,1,0,70.56,55.83,8.17,158,0,-0.089,0.1808,-2.0315
bed4,bed_bath_table,2017-07-01,11,1181.84,16.95,107.44,59,499,4,1019,3.4,10,23,8,1,7,2017,10.5005,32125,119.56,4.1,25.73,152.8,3.8,13.18,120.13,3.9,22.67,107.48,64.46,472.78,130.83,0.8212,1,0,12.81,9.03,1.97,30,0,0.0641,-0.1281,-1.9984
garden4,garden_tools,2017-11-01,14,787.92,18.07,56.28,25,507,3,4150,3.4,153,20,8,1,11,2017,7.8379,25418,47.95,4.0,23.3,67.32,4.6,27.25,58.0,4.2,29.18,58.14,33.77,315.14,57.76,0.9744,1,1,15.0,16.12,-2.12,33,0,-0.0925,0.2753,-2.9762
watches7,watches,2017-10-01,60,3699.0,8.85,61.65,41,288,2,2439,3.6,174,23,7,1,10,2017,19.1386,41895,84.76,4.7,13.88,74.75,4.0,7.11,62.58,4.2,25.67,62.66,36.99,1479.6,74.03,0.8328,1,0,64.15,75.28,-15.28,138,0,-0.0266,0.0173,-0.6504
garden1,garden_tools,2018-08-01,30,1887.3,10.91,62.91,20,409,1,855,4.8,12,19,8,1,8,2018,16.8256,41636,78.95,4.7,22.46,76.1,3.0,25.18,63.2,4.6,27.58,61.89,37.75,754.8,72.75,0.8647,1,0,32.59,26.95,3.05,117,0,0.0085,-0.0247,-2.9059
furniture2,furniture,2018-04-01,35,6935.6,17.39,198.16,23,417,2,1969,4.1,189,21,6,2,4,2018,14.762,49790,234.5,4.7,14.88,193.03,3.8,26.53,223.47,4.0,28.34,206.79,118.9,2774.1,217.0,0.9132,1,0,34.61,28.28,6.72,109,0,-0.0704,0.0259,-0.3679
computers5,computers,2017-06-01,37,8088.2,16.99,218.6,65,228,5,4572,4.5,56,22,6,0,6,2017,12.5773,49845,274.44,3.0,28.82,317.28,3.1,25.43,229.33,5.0,25.03,227.61,131.16,3235.28,273.68,0.7987,1,0,33.81,27.96,9.04,58,0,0.0493,-0.0248,-0.503
perfumery1,perfumery,2017-10-01,5,770.9,15.13,154.18,68,148,3,607,3.7,104,20,7,2,10,2017,16.7707,16077,190.33,4.5,29.18,225.18,4.9,17.82,188.77,3.1,21.86,149.7,92.51,308.35,201.43,0.7654,1,0,4.31,4.94,0.06,13,0,-0.0983,0.1475,-1.5005
watches3,watches,2017-06-01,26,3417.96,12.01,131.46,69,124,3,1536,3.8,22,19,6,2,6,2017,9.0608,20119,155.43,4.5,14.82,160.25,3.3,15.96,151.35,3.0,5.14,125.41,78.88,1367.08,155.68,0.8444,1,0,28.34,32.71,-6.71,96,0,-0.0663,0.098,-1.4781
garden6,garden_tools,2017-06-01,62,9030.92,23.26,145.66,62,365,1,2675,3.3,129,18,9,2,6,2017,10.0559,46740,202.23,4.4,26.36,194.83,4.4,29.91,128.39,4.3,16.65,149.17,87.4,3612.12,175.15,0.8316,1,0,71.71,71.56,-9.56,140,0,0.0162,-0.0189,-1.1667
watches4,watches,2017-06-01,4,748.72,11.8,187.18,48,217,3,3526,3.3,64,22,6,2,6,2017,15.14,34210,251.2,4.5,24.33,226.34,4.9,10.73,213.03,3.6,19.28,193.31,112.31,299.48,230.19,0.8132,1,0,4.28,3.03,0.97,7,0,0.0429,-0.0822,-1.9161
computers3,computers,2018-06-01,42,13726.44,14.11,326.82,40,563,1,658,4.7,158,23,6,0,6,2018,8.4396,37888,388.26,4.7,12.75,363.85,4.7,18.67,317.67,3.5,12.6,342.11,196.09,5490.66,356.59,0.9165,1,0,40.62,33.76,8.24,143,0,0.0833,-0.0989,-1.1873
watches3,watches,2018-07-01,2,216.62,18.56,108.31,45,243,1,3202,4.2,75,18,6,2,7,2018,3.1502,16695,131.69,3.9,10.8,134.91,4.4,21.77,120.96,3.6,12.95,112.53,64.99,86.64,129.19,0.8384,1,0,2.2,2.37,-0.37,54,0,0.0411,-0.1181,-2.8735
health4,health_beauty,2018-03-01,40,2116.4,15.86,52.91,33,541,2,4616,3.7,191,19,9,1,3,2018,3.338,28189,43.97,4.0,16.46,61.63,4.7,22.52,61.17,3.5,29.03,53.44,31.75,846.4,55.59,0.9518,1,0,47.7,28.55,11.45,117,0,0.0344,-0.098,-2.8488
cool4,cool_stuff,2017-07-01,39,2689.83,11.94,68.97,28,299,3,3722,4.6,164,19,8,2,7,2017,4.0765,11654,82.9,3.2,24.53,82.63,5.0,10.1,65.79,3.1,27.29,69.18,41.38,1076.01,77.11,0.8944,1,0,35.38,44.9,-5.9,64,0,-0.0211,0.0363,-1.7204
health2,health_beauty,2018-07-01,14,434.98,13.71,31.07,66,256,1,4499,3.5,175,23,6,2,7,2018,17.6543,39621,25.68,3.8,29.0,41.57,4.2,21.35,32.8,4.9,26.23,29.6,18.64,174.02,33.35,0.9316,1,0,14.42,16.14,-2.14,26,0,-0.0997,0.1457,-1.4614
watches5,watches,2017-06-01,32,2874.24,20.89,89.82,31,586,2,4157,5.0,99,20,7,0,6,2017,10.5001,29912,103.56,4.3,24.09,99.76,4.1,25.46,84.04,3.4,15.15,87.54,53.89,1149.76,95.79,0.9377,1,0,29.88,33.41,-1.41,98,0,-0.076,0.0391,-0.5145
watches7,watches,2017-08-01,51,17383.86,10.56,340.86,61,447,4,3815,3.7,195,23,9,0,8,2017,14.8319,21841,477.07,4.6,26.38,266.06,4.3,6.25,297.76,4.5,5.34,339.48,204.52,6953.34,346.96,0.9824,1,0,56.45,44.9,6.1,103,0,0.0069,-0.0187,-2.7101
health5,health_beauty,2018-01-01,38,2932.46,7.85,77.17,25,233,2,1401,3.7,71,21,7,1,1,2018,9.0724,32518,87.47,3.4,20.08,67.37,4.1,27.79,78.74,4.5,7.01,78.16,46.3,1173.06,77.86,0.9911,1,0,36.55,36.43,1.57,105,0,0.035,-0.0244,-0.6971
garden1,garden_tools,2017-10-01,23,692.99,11.26,30.13,39,499,2,2255,3.6,111,18,6,2,10,2017,6.6568,9645,32.66,3.3,25.89,32.51,4.3,5.74,30.53,4.9,12.8,30.3,18.08,277.15,31.9,0.9445,1,0,22.66,21.36,1.64,66,0,-0.0165,0.0398,-2.4121
health10,health_beauty,2017-05-01,63,3270.33,21.99,51.91,43,247,1,792,3.2,183,20,7,2,5,2017,8.2495,42762,51.27,4.3,24.61,67.15,3.9,13.9,67.38,3.1,5.39,53.17,31.15,1307.88,61.93,0.8382,1,0,54.41,80.49,-17.49,139,0,0.0461,-0.0874,-1.8959
consoles1,consoles_games,2017-12-01,15,1640.4,6.78,109.36,46,435,5,4450,3.2,148,22,6,2,12,2017,16.2953,46830,95.4,3.0,14.42,130.68,3.4,5.4,114.92,4.7,5.43,106.95,65.62,656.1,113.67,0.9621,1,1,16.63,16.86,-1.86,58,0,0.0044,-0.0093,-2.1136
garden4,garden_tools,2018-07-01,25,2950.25,24.83,118.01,57,170,5,1578,4.3,17,21,9,1,7,2018,13.2539,22723,146.17,3.4,18.8,146.06,3.2,6.93,118.02,4.1,27.92,118.78,70.81,1180.0,136.75,0.863,1,0,27.79,24.6,0.4,90,0,-0.0852,0.1601,-1.8791
watches4,watches,2018-04-01,17,2129.42,15.82,125.26,27,332,5,356,4.8,106,20,7,0,4,2018,18.8775,3380,114.68,3.1,25.12,138.97,3.1,27.78,139.19,4.3,22.65,120.1,75.16,851.7,130.95,0.9565,1,0,17.7,20.26,-3.26,56,0,-0.0616,0.1588,-2.5779
bed1,bed_bath_table,2018-06-01,66,3074.94,24.7,46.59,20,433,2,2530,4.6,126,18,7,1,6,2018,14.2347,21771,40.49,3.3,6.15,56.46,3.5,13.87,41.46,4.3,12.72,46.19,27.95,1230.24,46.14,1.0098,0,0,77.85,55.82,10.18,112,0,0.068,-0.1081,-1.5897
health10,health_beauty,2017-11-01,53,1402.91,23.78,26.47,68,398,1,541,3.3,73,19,6,2,11,2017,12.2633,33813,27.87,3.4,25.2,26.38,3.1,15.62,33.95,4.6,8.32,27.13,15.88,561.27,29.4,0.9003,1,1,53.08,49.02,3.98,94,0,0.045,-0.034,-0.7556
computers2,computers,2018-02-01,51,12237.45,14.06,239.95,68,253,3,1981,4.1,30,22,6,0,2,2018,12.9835,47400,306.47,3.8,9.45,264.58,4.1,10.38,272.52,3.7,17.79,244.59,143.97,4894.98,281.19,0.8533,1,0,43.38,40.65,10.35,139,0,0.079,-0.1393,-1.7633
computers4,computers,2017-07-01,39,11488.62,8.97,294.58,43,189,2,2746,3.2,124,23,8,0,7,2017,18.9627,13804,367.35,3.8,17.87,385.37,3.6,19.93,350.46,4.5,5.13,309.03,176.75,4595.37,367.73,0.8011,1,0,40.17,31.13,7.87,74,0,-0.0765,0.1244,-1.6261
health5,health_beauty,2017-05-01,51,1257.66,8.3,24.66,66,433,2,3920,3.1,94,18,6,1,5,2017,16.1876,35195,20.54,4.7,25.21,34.62,4.6,19.87,22.85,4.1,28.46,24.11,14.8,502.86,26.0,0.9485,1,0,49.6,35.78,15.22,201,0,0.098,-0.0611,-0.6235
bed1,bed_bath_table,2017-09-01,2,224.74,9.8,112.37,26,298,1,4777,4.3,29,21,6,0,9,2017,2.4327,30725,120.58,4.0,11.35,120.82,3.1,14.31,116.22,4.6,15.37,112.35,67.42,89.9,119.21,0.9426,1,0,1.67,2.33,-0.33,11,0,-0.0581,0.0594,-1.0224
computers3,computers,2018-05-01,67,16273.63,19.2,242.89,38,260,4,1835,4.1,17,21,8,0,5,2018,11.6145,21036,270.45,4.4,11.15,190.12,3.5,13.33,252.66,5.0,15.06,238.75,145.73,6509.72,237.74,1.0217,0,0,61.48,69.15,-2.15,182,0,-0.0976,0.1588,-1.627
health5,health_beauty,2017-08-01,7,274.26,10.46,39.18,41,125,2,3835,3.2,67,19,6,2,8,2017,14.3901,31331,46.5,3.2,15.07,34.14,4.5,27.12,47.79,3.4,14.76,38.95,23.51,109.69,42.81,0.9152,1,0,6.03,8.04,-1.04,17,0,0.0995,-0.2267,-2.2784
computers6,computers,2018-02-01,51,8655.21,11.83,169.71,54,220,4,2745,3.1,55,19,6,2,2,2018,15.4766,49656,201.97,3.5,27.37,129.94,4.2,14.58,144.35,5.0,6.73,175.77,101.83,3461.88,158.75,1.069,0,0,57.56,49.03,1.97,158,0,-0.0438,0.0229,-0.5228
watches6,watches,2017-12-01,42,4404.12,13.98,104.86,49,400,4,118,5.0,40,22,8,0,12,2017,5.8366,12173,106.83,4.4,5.01,130.02,3.1,17.34,103.33,3.2,20.96,106.79,62.92,1761.48,113.39,0.9248,1,1,40.16,34.1,7.9,77,0,0.0336,-0.0465,-1.3839
computers3,computers,2017-05-01,64,22161.28,23.26,346.27,48,311,5,1224,3.1,102,23,9,0,5,2017,17.6092,22417,393.5,3.1,27.53,346.01,4.8,12.08,447.23,3.0,23.33,359.51,207.76,8864.64,395.58,0.8753,1,0,58.57,75.05,-11.05,165,0,-0.0647,0.154,-2.3802
furniture3,furniture,2018-02-01,15,3306.3,8.79,220.42,41,162,1,4085,3.9,18,22,9,1,2,2018,19.2052,28329,239.96,4.0,8.85,254.99,4.8,24.67,234.46,3.1,21.9,213.88,132.25,1322.55,243.14,0.9066,1,0,15.46,10.77,4.23,33,0,0.016,-0.0359,-2.2438
furniture3,furniture,2017-05-01,29,5616.43,5.1,193.67,30,550,4,2754,4.0,24,19,6,1,5,2017,6.2609,15872,257.77,4.2,29.75,216.9,3.7,14.94,197.96,3.7,8.46,200.9,116.2,2246.63,224.21,0.8638,1,0,25.67,36.44,-7.44,108,0,0.0808,-0.0607,-0.7512
furniture1,furniture,2018-04-01,105,23578.8,6.2,224.56,39,535,1,2180,3.2,103,19,6,0,4,2018,17.8871,26438,251.09,4.2,28.87,182.15,3.7,17.84,202.98,4.3,19.47,214.67,134.74,9431.1,212.07,1.0589,0,0,90.86,124.92,-19.92,53,1,-0.036,0.1036,-2.8778
bed5,bed_bath_table,2017-08-01,27,1868.67,23.1,69.21,48,167,5,1647,3.3,163,21,8,2,8,2017,3.7456,3163,73.68,3.0,17.37,72.84,5.0,11.33,89.17,3.1,19.24,71.9,41.53,747.36,78.56,0.881,1,0,26.55,20.7,6.3,102,0,0.0341,-0.0076,-0.2229
consoles2,consoles_games,2017-12-01,36,5645.16,17.95,156.81,60,352,1,961,3.7,147,19,8,0,12,2017,3.0027,48301,163.5,3.6,17.82,143.55,4.3,29.69,134.7,3.0,26.71,154.13,94.09,2257.92,147.25,1.0649,0,1,35.41,27.57,8.43,129,0,-0.0624,0.1644,-2.6346
cool2,cool_stuff,2017-09-01,29,676.86,10.46,23.34,61,509,2,254,4.5,38,20,9,0,9,2017,4.326,9965,26.69,4.3,17.04,24.83,4.1,12.29,27.58,4.9,14.48,22.91,14.0,270.86,26.37,0.8851,1,0,33.82,26.07,2.93,65,0,0.025,-0.0193,-0.772
consoles1,consoles_games,2017-06-01,38,4961.66,8.54,130.57,53,558,4,3594,4.0,89,18,7,2,6,2017,3.0393,3826,167.44,3.3,20.89,117.86,4.7,24.27,156.14,4.6,14.29,130.73,78.34,1984.74,147.15,0.8873,1,0,40.35,34.75,3.25,132,0,-0.0327,0.062,-1.896
garden3,garden_tools,2017-10-01,57,2555.31,10.89,44.83,20,101,1,1004,4.3,45,19,6,2,10,2017,17.2102,4159,50.35,4.4,7.27,61.88,3.6,15.69,43.02,4.6,20.46,46.81,26.9,1022.01,51.75,0.8663,1,0,58.56,53.2,3.8,90,0,-0.0578,0.0937,-1.6211
computers2,computers,2017-09-01,27,4731.21,7.3,175.23,50,497,3,1369,5.0,93,22,7,1,9,2017,3.0629,28094,209.75,4.5,5.82,154.32,3.9,10.16,201.9,4.8,20.83,167.31,105.14,1892.43,188.66,0.9288,1,0,26.45,28.88,-1.88,106,0,-0.0374,0.02,-0.5348
computers4,computers,2017-06-01,55,12198.45,23.83,221.79,49,207,1,504,4.5,118,23,7,1,6,2017,6.89,5263,275.62,5.0,6.44,326.16,3.5,24.99,197.8,4.4,16.73,218.51,133.07,4879.6,266.53,0.8321,1,0,65.27,70.76,-15.76,155,0,-0.0642,0.1184,-1.8442
computers3,computers,2018-05-01,33,5586.24,20.68,169.28,67,385,4,943,3.9,127,23,8,1,5,2018,3.8676,23621,188.26,3.4,16.11,179.76,4.6,13.34,163.47,3.2,16.08,175.32,101.57,2234.43,177.16,0.9555,1,0,39.06,33.11,-0.11,75,0,0.0804,-0.1202,-1.495
watches1,watches,2018-06-01,68,5321.0,14.25,78.25,37,148,5,1882,3.9,46,23,6,1,6,2018,7.3176,11328,82.64,4.7,11.89,108.35,4.1,26.63,94.26,3.8,17.35,77.44,46.95,2128.4,95.08,0.823,1,0,59.19,82.46,-14.46,164,0,-0.0206,0.059,-2.8641
furniture2,furniture,2018-03-01,66,9801.66,22.3,148.51,36,239,5,1664,4.2,95,20,6,2,3,2018,3.6301,48088,196.92,4.0,20.55,181.42,4.3,27.88,184.02,4.4,26.53,144.04,89.11,3920.4,187.45,0.7923,1,0,75.36,52.45,13.55,110,0,-0.0509,0.1524,-2.9941
furniture1,furniture,2018-03-01,10,2954.9,9.99,295.49,57,317,4,1284,4.3,80,22,8,0,3,2018,14.0241,11721,310.41,3.7,29.81,384.58,3.5,26.5,332.08,3.6,16.53,293.27,177.29,1182.0,342.36,0.8631,1,0,10.26,11.53,-1.53,40,0,-0.0103,0.0238,-2.3107
health4,health_beauty,2018-08-01,5,170.15,19.34,34.03,33,143,2,846,4.0,160,20,7,1,8,2018,4.3999,11711,36.66,3.2,14.66,45.12,3.4,5.88,36.69,4.4,28.5,33.64,20.42,68.05,39.49,0.8617,1,0,4.51,4.61,0.39,8,0,-0.0359,0.0393,-1.0947
health5,health_beauty,2018-03-01,38,812.06,22.12,21.37,42,516,2,1825,4.3,178,19,8,1,3,2018,17.3332,14069,29.79,4.5,19.35,24.12,4.0,24.68,19.7,3.0,17.6,22.26,12.82,324.9,24.54,0.8708,1,0,35.99,29.19,8.81,119,0,0.0489,-0.1301,-2.6605
perfumery2,perfumery,2017-07-01,13,1878.5,12.14,144.5,44,368,5,3288,3.0,102,18,9,2,7,2017,16.7094,31858,115.62,3.5,15.39,167.26,4.5,15.28,126.93,3.6,28.73,148.28,86.7,751.4,136.6,1.0578,0,0,10.82,13.68,-0.68,34,0,0.0942,-0.2526,-2.6815
furniture3,furniture,2018-07-01,31,7983.12,20.15,257.52,34,177,5,370,3.9,89,23,6,2,7,2018,2.2459,38360,234.67,3.7,26.18,292.41,4.1,26.84,232.53,4.1,25.82,257.65,154.51,3193.31,253.2,1.0171,0,0,37.18,27.29,3.71,120,0,-0.0124,0.0229,-1.8468
cool4,cool_stuff,2018-01-01,47,2079.28,10.9,44.24,65,315,4,4965,3.6,111,22,9,0,1,2018,18.1231,6522,45.58,3.1,27.56,52.69,3.1,20.95,42.13,4.3,14.06,46.4,26.54,831.9,46.8,0.9453,1,0,44.22,52.96,-5.96,99,0,0.0722,-0.0856,-1.1856
health3,health_beauty,2017-11-01,52,2972.84,10.98,57.17,41,481,2,4056,3.3,165,23,8,0,11,2017,2.521,45837,77.73,4.6,26.93,44.14,4.7,25.84,57.38,4.2,26.59,56.97,34.3,1189.24,59.75,0.9568,1,1,53.71,59.02,-7.02,147,0,0.0132,-0.0133,-1.0076
garden2,garden_tools,2017-11-01,56,5948.32,7.14,106.22,22,197,5,271,3.2,185,20,6,2,11,2017,6.3136,14015,89.44,4.5,29.36,111.17,3.1,17.49,108.49,4.4,7.75,101.53,63.73,2379.44,103.03,1.031,0,1,60.66,47.53,8.47,152,0,-0.0686,0.1715,-2.5
furniture3,furniture,2018-08-01,15,1358.55,13.8,90.57,38,335,2,373,4.2,175,21,9,1,8,2018,2.583,6659,72.97,4.5,5.69,109.1,4.9,18.38,91.1,3.0,28.13,88.42,54.34,543.45,91.06,0.9946,1,0,15.14,18.83,-3.83,49,0,0.0381,-0.1058,-2.7769
bed1,bed_bath_table,2018-07-01,29,3347.18,19.59,115.42,63,381,5,2406,4.0,168,19,9,1,7,2018,8.0452,46491,95.98,3.6,26.0,138.31,3.1,8.61,110.52,3.2,20.79,114.68,69.25,1338.93,114.94,1.0042,0,0,23.93,24.46,4.54,48,0,0.0027,-0.001,-0.3704
furniture3,furniture,2018-03-01,8,2200.56,23.8,275.07,53,248,1,1258,3.5,23,18,7,1,3,2018,11.2496,41713,234.67,3.3,23.79,369.89,4.4,24.6,296.9,4.7,6.36,265.63,165.04,880.24,300.49,0.9154,1,0,7.03,8.62,-0.62,16,0,0.0301,-0.0683,-2.2691
perfumery2,perfumery,2017-10-01,5,345.65,17.08,69.13,54,511,3,1806,3.9,126,19,6,0,10,2017,16.3396,22191,56.86,4.3,10.72,85.81,3.2,15.48,84.43,4.4,21.11,72.22,41.48,138.25,75.7,0.9132,1,0,4.45,6.07,-1.07,10,0,0.0779,-0.0476,-0.611
watches3,watches,2018-08-01,29,1583.11,22.26,54.59,69,403,1,1871,4.0,82,21,9,1,8,2018,8.0837,25404,59.39,4.0,28.91,81.56,4.8,17.5,53.27,3.2,29.36,56.05,32.75,633.36,64.74,0.8432,1,0,34.77,34.3,-5.3,97,0,-0.0119,0.0069,-0.5798
bed3,bed_bath_table,2017-12-01,47,5358.47,21.45,114.01,20,583,5,521,3.4,100,18,9,1,12,2017,14.6988,44290,130.94,3.4,8.7,109.78,3.9,24.63,145.26,4.7,6.75,111.37,68.41,2143.2,128.66,0.8861,1,1,49.97,55.09,-8.09,93,0,0.0802,-0.0671,-0.8367
bed1,bed_bath_table,2017-08-01,68,5106.12,8.47,75.09,40,523,3,1309,4.3,99,21,7,2,8,2017,5.3751,3544,72.31,4.4,21.99,76.54,3.3,19.97,93.34,3.5,18.87,75.77,45.05,2042.72,80.73,0.9301,1,0,61.28,74.46,-6.46,199,0,0.0501,-0.1266,-2.5269
bed5,bed_bath_table,2017-12-01,45,3534.3,14.72,78.54,48,165,3,4775,4.6,38,19,9,1,12,2017,15.5108,10112,81.6,5.0,10.62,81.52,3.7,10.03,72.48,4.0,23.69,80.28,47.12,1413.9,78.53,1.0001,0,1,41.59,52.76,-7.76,92,0,-0.0023,0.0016,-0.6957
garden1,garden_tools,2017-08-01,2,221.0,7.34,110.5,25,333,5,990,4.6,188,20,9,2,8,2017,6.2479,6136,94.48,4.5,15.78,121.48,3.3,19.76,133.02,3.3,25.26,115.38,66.3,88.4,116.33,0.9499,1,0,1.72,2.5,-0.5,7,0,0.0206,-0.0174,-0.8447
watches3,watches,2017-12-01,27,6338.52,18.64,234.76,56,556,5,4917,4.2,58,19,9,1,12,2017,4.5838,12093,235.19,4.5,22.98,323.26,3.3,15.19,260.25,4.4,15.35,243.72,140.86,2535.3,272.9,0.8602,1,1,30.45,32.83,-5.83,104,0,-0.0349,0.0464,-1.3295
cool2,cool_stuff,2018-01-01,117,10070.19,24.0,86.07,20,186,2,3367,4.0,180,19,7,0,1,2018,5.3374,49447,95.84,4.9,19.08,79.77,4.9,16.74,95.1,4.3,10.1,86.2,51.64,4028.31,90.24,0.9538,1,0,100.01,143.77,-26.77,101,1,0.0967,-0.1988,-2.0558
garden2,garden_tools,2017-07-01,112,16019.36,7.74,143.03,20,178,5,1573,3.1,81,19,9,1,7,2017,5.2771,3392,177.27,3.4,15.69,190.52,3.9,5.71,146.74,3.4,6.06,146.96,85.82,6407.52,171.51,0.8339,1,0,91.78,88.37,23.63,86,1,0.0335,-0.0759,-2.2657
computers4,computers,2018-08-01,26,8634.86,19.68,332.11,46,304,4,3343,3.6,142,22,9,1,8,2018,11.2315,22172,266.35,4.1,13.16,350.04,4.6,10.25,357.19,4.7,19.49,334.17,199.27,3453.84,324.53,1.0234,0,0,22.96,20.77,5.23,54,0,-0.0912,0.2425,-2.659
watches4,watches,2017-07-01,43,10359.56,17.64,240.92,40,378,5,4578,3.2,51,21,6,2,7,2017,17.2064,6312,260.29,5.0,25.99,289.44,4.3,12.03,247.84,3.8,16.32,242.19,144.55,4143.91,265.86,0.9062,1,0,51.45,33.63,9.37,70,0,-0.0347,0.0546,-1.5735
watches4,watches,2018-03-01,27,7837.56,16.67,290.28,35,436,4,2281,4.9,144,21,6,2,3,2018,3.4329,31585,283.95,3.3,8.6,355.42,4.4,22.82,317.24,3.6,28.72,279.1,174.17,3134.97,318.87,0.9103,1,0,24.29,34.85,-7.85,59,0,0.0247,-0.0336,-1.3603
garden1,garden_tools,2018-05-01,69,7565.85,12.8,109.65,63,353,5,1549,3.3,51,23,7,2,5,2018,14.7252,1154,143.83,4.4,15.75,112.9,3.3,5.29,124.19,3.3,6.52,105.55,65.79,3026.34,126.97,0.8636,1,0,81.47,58.9,10.1,216,0,-0.0887,0.1769,-1.9944
consoles2,consoles_games,2018-08-01,20,2634.8,12.1,131.74,59,403,2,3196,3.3,173,21,8,1,8,2018,13.7782,17643,161.95,4.2,27.59,149.45,3.5,15.22,151.95,3.5,22.13,132.13,79.04,1054.0,154.45,0.853,1,0,18.58,14.34,5.66,57,0,-0.0952,0.1589,-1.6691
watches2,watches,2017-06-01,11,974.05,5.9,88.55,45,479,4,3356,4.8,114,23,6,1,6,2017,17.7054,2298,102.14,4.2,26.15,93.84,4.6,28.1,96.49,3.0,5.62,86.5,53.13,389.62,97.49,0.9083,1,0,12.08,11.03,-0.03,42,0,-0.01,0.0198,-1.98
garden10,garden_tools,2018-05-01,38,4803.2,9.36,126.4,35,229,1,3256,4.9,36,22,7,0,5,2018,6.3947,38427,122.15,4.4,15.02,101.35,4.9,7.8,148.47,4.2,9.29,120.35,75.84,1921.28,123.99,1.0194,0,0,44.84,40.47,-2.47,95,0,-0.0335,0.0404,-1.206
cool2,cool_stuff,2018-02-01,6,464.64,5.3,77.44,47,183,4,1690,4.5,67,20,9,1,2,2018,10.102,29587,104.25,4.9,24.08,83.47,3.5,17.91,70.75,4.7,16.34,79.17,46.46,185.88,86.16,0.8988,1,0,6.15,5.3,0.7,19,0,-0.0123,0.0059,-0.4797
garden10,garden_tools,2017-07-01,23,2374.52,16.63,103.24,20,375,2,4339,3.0,55,23,9,0,7,2017,18.6649,12118,85.39,4.6,25.58,84.97,3.5,24.66,97.6,4.1,16.37,98.41,61.94,949.9,89.32,1.1558,0,0,20.33,21.62,1.38,63,0,-0.0475,0.1207,-2.5411
bed4,bed_bath_table,2017-07-01,47,4880.48,7.12,103.84,55,286,4,4081,3.0,75,19,7,2,7,2017,13.8799,8946,89.89,3.1,27.22,109.42,3.9,28.56,126.52,3.4,22.14,104.83,62.3,1952.38,108.61,0.9561,1,0,50.94,56.87,-9.87,131,0,-0.0671,0.1296,-1.9314
garden5,garden_tools,2017-09-01,46,4896.24,22.46,106.44,29,145,5,1535,3.8,34,20,9,2,9,2017,8.9978,22146,110.16,4.7,18.61,127.16,5.0,23.67,105.92,3.1,27.76,106.86,63.86,1958.68,114.41,0.9303,1,0,43.48,49.84,-3.84,100,0,0.0378,-0.0985,-2.6058
perfumery2,perfumery,2017-09-01,12,732.0,15.46,61.0,62,486,5,323,3.3,82,22,9,2,9,2017,4.3654,37091,53.35,3.5,10.11,72.26,3.5,23.01,52.48,3.4,20.98,63.86,36.6,292.8,59.36,1.0276,0,0,11.7,11.91,0.09,32,0,0.0029,-0.0036,-1.2414
health4,health_beauty,2017-06-01,13,544.96,18.99,41.92,36,282,2,319,3.0,126,21,8,0,6,2017,6.7247,49367,57.59,3.8,11.38,52.27,3.8,25.66,38.53,3.8,28.84,41.85,25.15,218.01,49.46,0.8476,1,0,15.48,12.63,0.37,35,0,-0.06,0.0575,-0.9583
cool2,cool_stuff,2018-04-01,62,2171.24,13.22,35.02,42,367,3,4374,3.9,164,23,9,1,4,2018,12.4619,27700,44.78,3.9,12.39,28.77,4.8,16.16,33.29,4.5,27.04,33.49,21.01,868.62,35.61,0.9834,1,0,65.46,77.58,-15.58,203,0,-0.0361,0.0141,-0.3906
watches4,watches,2018-02-01,60,9790.8,16.21,163.18,26,395,5,1754,4.9,138,19,6,2,2,2018,14.927,30071,155.9,4.0,19.85,202.2,3.0,25.15,209.0,3.4,19.61,164.02,97.91,3916.2,189.03,0.8632,1,0,59.72,76.77,-16.77,231,0,0.0184,-0.0408,-2.2174
garden4,garden_tools,2018-05-01,43,1284.41,23.85,29.87,63,421,1,4628,3.6,96,18,9,1,5,2018,4.2396,23038,34.44,3.9,5.82,29.4,3.1,5.2,33.09,4.4,25.84,30.89,17.92,513.85,32.31,0.9245,1,0,46.22,49.1,-6.1,100,0,-0.0856,0.0291,-0.34
perfumery1,perfumery,2017-10-01,68,8346.32,6.65,122.74,26,199,2,364,4.3,83,18,7,1,10,2017,12.7928,41055,170.53,4.9,20.9,128.79,4.2,28.11,155.85,4.7,21.06,128.84,73.64,3338.8,151.72,0.809,1,0,56.94,81.47,-13.47,109,0,-0.0705,0.199,-2.8227
watches2,watches,2017-09-01,5,754.85,10.08,150.97,63,177,4,1053,4.3,179,20,8,2,9,2017,11.9063,44464,200.87,4.4,14.11,210.38,4.8,16.08,167.4,3.9,6.96,149.92,90.58,301.95,192.88,0.7827,1,0,4.74,5.67,-0.67,14,0,-0.0854,0.112,-1.3115
garden10,garden_tools,2017-10-01,37,3957.89,20.6,106.97,34,371,4,4624,3.5,189,21,9,0,10,2017,11.2512,21400,124.14,4.3,12.38,80.95,3.5,18.83,114.0,4.6,23.51,105.05,64.18,1583.23,106.36,1.0057,0,0,42.9,42.82,-5.82,106,0,0.0625,-0.1775,-2.84
computers2,computers,2017-05-01,31,7158.83,6.97,230.93,53,438,1,3833,4.3,162,18,7,1,5,2017,14.4222,22856,309.96,3.1,26.99,275.11,3.9,11.37,228.89,4.1,7.37,240.32,138.56,2863.47,271.32,0.8511,1,0,28.77,27.5,3.5,60,0,0.0505,-0.0251,-0.497
health3,health_beauty,2017-09-01,9,670.77,6.51,74.53,65,261,5,2874,3.4,191,20,6,2,9,2017,17.0741,23523,103.86,4.8,16.5,89.36,3.9,23.56,83.69,4.3,19.85,72.23,44.72,268.29,92.3,0.8075,1,0,7.76,8.66,0.34,31,0,0.0507,-0.0769,-1.5168
garden3,garden_tools,2018-01-01,51,3446.58,12.23,67.58,64,143,2,3224,3.2,134,22,9,1,1,2018,7.8138,39648,84.21,4.8,7.38,70.79,3.9,6.92,61.68,4.1,22.57,68.36,40.55,1378.53,72.23,0.9356,1,0,52.69,47.4,3.6,202,0,0.0433,-0.0487,-1.1247
bed2,bed_bath_table,2018-04-01,29,1550.34,6.84,53.46,23,337,1,579,4.4,76,20,8,1,4,2018,18.0022,17892,44.85,4.6,25.67,49.6,4.2,26.82,67.05,3.9,6.66,52.96,32.08,620.02,53.83,0.9931,1,0,32.09,21.39,7.61,112,0,0.0339,-0.0228,-0.6726
consoles2,consoles_games,2018-02-01,40,4774.8,16.7,119.37,33,233,5,3614,3.2,15,20,9,1,2,2018,4.8914,21198,124.26,3.0,6.19,110.54,3.9,25.7,146.01,3.5,10.77,113.89,71.62,1910.0,126.94,0.9404,1,0,46.81,32.26,7.74,80,0,-0.0046,0.0119,-2.587
computers1,computers,2018-06-01,41,12115.91,9.53,295.51,33,560,2,1453,5.0,134,20,7,1,6,2018,5.1144,42970,384.96,3.1,23.17,417.49,3.9,10.4,293.41,3.6,27.89,291.0,177.31,4846.2,365.29,0.809,1,0,38.64,43.24,-2.24,151,0,0.0285,-0.0824,-2.8912
garden3,garden_tools,2017-06-01,11,753.94,22.91,68.54,35,291,4,3422,3.4,67,19,8,1,6,2017,6.8019,27035,64.31,3.5,24.35,74.13,3.9,25.23,87.65,3.6,20.41,66.93,41.12,301.62,75.36,0.9095,1,0,9.0,12.21,-1.21,36,0,-0.0923,0.0498,-0.5395
garden3,garden_tools,2017-05-01,23,3267.84,20.67,142.08,26,455,2,3978,4.2,79,20,9,0,5,2017,4.1516,35950,184.47,3.3,13.82,141.82,4.2,24.66,173.53,4.1,11.16,144.72,85.25,1307.09,166.61,0.8528,1,0,19.88,25.26,-2.26,61,0,0.0243,-0.0515,-2.1193
health1,health_beauty,2018-06-01,1,23.13,18.99,23.13,51,377,3,989,3.8,62,23,6,0,6,2018,6.1457,34257,20.17,3.8,25.62,25.13,4.1,20.81,26.6,3.2,22.27,24.17,13.88,9.25,23.97,0.965,1,0,0.81,0.84,0.16,3,0,0.0556,-0.1467,-2.6385
garden5,garden_tools,2018-02-01,46,3553.04,17.34,77.24,38,117,2,3954,3.3,75,20,8,2,2,2018,3.9154,12976,63.97,4.8,17.89,96.71,4.7,14.34,69.89,4.8,19.92,75.45,46.34,1421.4,76.86,1.0049,0,0,49.73,58.58,-12.58,167,0,0.0001,-0.0002,-2.0
computers6,computers,2018-05-01,21,7416.99,22.27,353.19,21,111,3,1024,3.1,67,19,6,0,5,2018,16.7915,41714,363.95,3.9,16.58,303.5,3.1,11.79,376.22,4.4,17.54,364.19,211.91,2966.88,347.89,1.0152,0,0,25.08,20.87,0.13,57,0,-0.0285,0.0378,-1.3263
garden3,garden_tools,2018-03-01,36,3366.0,9.46,93.5,29,279,2,2270,4.2,91,19,7,0,3,2018,4.5014,5211,76.86,3.0,6.14,101.64,4.7,10.79,100.77,3.8,29.4,89.34,56.1,1346.4,93.09,1.0044,0,0,36.66,34.02,1.98,88,0,-0.0445,0.1296,-2.9124
health10,health_beauty,2018-01-01,54,2909.52,22.46,53.88,69,222,3,2002,4.6,96,22,9,0,1,2018,15.4514,6979,74.05,3.6,12.25,64.17,4.7,12.97,51.44,3.3,22.09,54.09,32.33,1163.7,63.22,0.8523,1,0,55.75,65.11,-11.11,148,0,0.0286,-0.0638,-2.2308
cool2,cool_stuff,2018-02-01,57,3408.6,20.79,59.8,36,345,4,4973,4.7,11,21,6,1,2,2018,2.8624,31890,77.48,3.1,28.28,87.39,3.6,27.59,52.98,4.8,14.39,57.23,35.88,1363.44,72.62,0.8235,1,0,53.41,41.7,15.3,168,0,0.0386,-0.1123,-2.9093
furniture1,furniture,2018-01-01,1,206.7,19.96,206.7,56,321,5,2495,4.0,159,18,7,1,1,2018,19.0734,13661,264.67,3.1,14.8,194.17,3.9,6.94,247.94,4.6,25.0,215.67,124.02,82.68,235.59,0.8774,1,0,0.86,0.94,0.06,2,0,0.0742,-0.1353,-1.8235
bed1,bed_bath_table,2018-07-01,63,6038.55,16.23,95.85,31,472,3,128,4.6,46,18,9,2,7,2018,14.8009,32652,112.9,3.6,18.67,97.71,3.9,25.72,86.74,4.4,27.11,98.4,57.51,2415.42,99.12,0.967,1,0,71.96,61.72,1.28,236,0,-0.0315,0.0156,-0.4952
garden2,garden_tools,2018-01-01,54,2211.84,9.92,40.96,25,150,3,134,4.3,157,20,7,2,1,2018,2.1223,15135,38.08,3.6,18.3,42.37,3.4,13.72,45.77,3.5,8.13,41.61,24.58,884.52,42.07,0.9736,1,0,46.24,42.89,11.11,172,0,0.054,-0.0134,-0.2481
watches2,watches,2017-10-01,55,6875.0,13.47,125.0,41,587,4,3689,4.4,112,22,6,2,10,2017,15.7494,41343,138.87,4.6,19.76,150.52,3.8,18.04,158.93,3.8,10.01,129.05,75.0,2750.0,149.44,0.8365,1,0,53.84,47.82,7.18,170,0,0.0123,-0.015,-1.2195
consoles1,consoles_games,2018-07-01,40,5315.6,20.87,132.89,51,170,3,2770,4.0,33,20,7,1,7,2018,11.2535,30797,153.94,4.9,6.53,135.22,3.1,24.86,165.35,3.2,10.41,134.85,79.73,2126.4,151.5,0.8772,1,0,37.79,30.13,9.87,70,0,0.0766,-0.1951,-2.547
bed3,bed_bath_table,2017-12-01,15,1620.6,5.64,108.04,60,579,1,3465,4.3,121,18,8,0,12,2017,16.0286,21336,120.47,3.7,14.05,124.26,3.6,27.11,105.34,3.4,22.28,113.11,64.82,648.3,116.69,0.9259,1,1,16.17,10.66,4.34,45,0,0.0056,-0.0026,-0.4643
cool2,cool_stuff,2018-06-01,21,1245.93,20.64,59.33,39,147,4,688,4.6,74,19,9,0,6,2018,11.4049,25331,56.73,3.9,23.08,79.29,4.6,13.62,73.16,4.6,20.08,60.6,35.6,498.33,69.73,0.8509,1,0,23.29,23.02,-2.02,38,0,0.0035,-0.0054,-1.5429
computers1,computers,2018-03-01,47,9405.17,9.8,200.11,20,118,1,3318,3.8,138,21,7,1,3,2018,13.5384,1507,221.95,4.7,10.01,255.95,3.6,16.55,170.12,4.4,20.47,208.61,120.07,3761.88,216.01,0.9264,1,0,49.27,40.29,6.71,80,0,0.0156,-0.0401,-2.5705
computers3,computers,2018-07-01,53,15516.81,7.89,292.77,66,361,4,3238,4.6,126,22,6,2,7,2018,16.154,26831,320.5,3.5,10.09,317.59,4.6,15.36,251.18,4.2,28.52,293.27,175.66,6206.83,296.42,0.9877,1,0,45.6,55.38,-2.38,149,0,0.0499,-0.0209,-0.4188
garden2,garden_tools,2018-08-01,9,1057.41,7.31,117.49,25,183,3,1003,4.2,125,19,9,2,8,2018,9.2919,40956,164.23,3.3,5.25,164.27,4.1,5.33,131.72,4.8,24.4,112.99,70.49,423.0,153.41,0.7659,1,0,8.89,10.36,-1.36,23,0,0.0929,-0.0817,-0.8794
computers4,computers,2018-05-01,52,10401.56,5.55,200.03,38,254,1,4186,3.3,114,21,8,2,5,2018,2.0487,11263,267.73,4.7,15.94,233.76,4.8,12.4,202.86,4.2,8.2,200.59,120.02,4160.52,234.78,0.852,1,0,44.1,62.71,-10.71,155,0,-0.0853,0.0811,-0.9508
perfumery2,perfumery,2017-05-01,57,4939.62,15.47,86.66,37,152,3,2269,3.0,12,22,9,1,5,2017,17.299,4408,93.42,3.1,27.07,100.09,4.1,16.48,88.73,3.9,13.69,83.43,52.0,1975.62,94.08,0.9211,1,0,57.26,49.89,7.11,98,0,-0.0893,0.0906,-1.0146
furniture1,furniture,2018-02-01,26,5136.3,9.37,197.55,25,206,4,439,3.7,55,22,8,2,2,2018,8.856,28073,231.88,4.2,6.3,153.23,3.1,15.28,218.09,3.7,15.88,199.38,118.53,2054.52,201.07,0.9825,1,0,28.04,23.74,2.26,67,0,0.0875,-0.2134,-2.4389
consoles2,consoles_games,2017-08-01,41,4897.45,24.79,119.45,64,456,3,4370,4.1,64,18,9,2,8,2017,10.9288,19687,149.16,4.1,9.78,177.98,4.4,23.05,111.84,4.9,14.9,119.24,71.67,1958.98,146.33,0.8163,1,0,48.61,28.75,12.25,79,0,0.006,-0.0145,-2.4167
health5,health_beauty,2017-05-01,35,1790.95,16.49,51.17,52,403,1,1814,4.7,84,19,7,1,5,2017,2.1398,12457,42.01,3.7,12.75,43.1,3.1,14.62,48.37,3.2,21.73,51.8,30.7,716.45,44.49,1.1501,0,0,35.67,35.44,-0.44,139,0,0.023,-0.0247,-1.0739
watches4,watches,2017-12-01,63,8775.27,7.76,139.29,42,234,1,4792,3.3,54,22,7,0,12,2017,10.8577,4879,186.22,3.6,23.29,128.61,3.9,17.23,148.77,4.9,27.3,132.47,83.57,3510.36,154.53,0.9014,1,1,68.57,63.56,-0.56,183,0,-0.0035,0.0083,-2.3714
garden10,garden_tools,2017-05-01,25,937.5,18.78,37.5,42,542,3,4646,4.6,163,23,6,1,5,2017,19.7568,28459,49.35,4.5,21.02,29.58,4.9,15.74,44.6,4.7,12.65,36.36,22.5,375.0,41.18,0.9106,1,0,26.92,27.46,-2.46,80,0,-0.0813,0.144,-1.7712
garden10,garden_tools,2017-07-01,38,1204.22,22.95,31.69,45,168,2,656,4.7,86,22,8,1,7,2017,7.0088,16982,34.05,3.2,15.4,38.98,3.3,23.52,35.77,3.3,18.8,31.66,19.01,481.84,36.27,0.8737,1,0,33.08,28.58,9.42,88,0,0.0536,-0.0434,-0.8097
health5,health_beauty,2018-05-01,2,193.36,19.9,96.68,32,110,4,3187,3.3,33,21,6,1,5,2018,9.1175,27605,100.03,3.5,23.98,88.8,3.8,26.57,95.11,4.1,24.74,101.04,58.01,77.34,94.65,1.0214,0,0,1.86,1.63,0.37,3,0,0.0494,-0.0398,-0.8057
consoles1,consoles_games,2017-08-01,7,1228.78,6.53,175.54,26,242,4,3366,4.7,44,18,7,1,8,2017,14.3694,1377,169.18,4.5,20.24,155.35,4.5,18.3,183.2,4.7,15.41,173.5,105.32,491.54,169.24,1.0372,0,0,5.78,6.74,0.26,28,0,-0.0377,0.0653,-1.7321
watches1,watches,2018-07-01,34,5319.98,22.92,156.47,34,291,3,3667,5.0,33,20,8,0,7,2018,16.6663,48853,169.93,4.1,27.4,127.74,4.8,24.74,145.02,4.1,9.2,155.29,93.88,2128.06,147.56,1.0604,0,0,37.7,36.27,-2.27,75,0,-0.0388,0.0303,-0.7809
cool2,cool_stuff,2018-07-01,17,1478.66,20.88,86.98,63,486,2,2156,4.5,37,18,6,2,7,2018,9.513,18752,71.9,3.3,25.45,71.97,4.3,12.42,76.85,4.8,16.87,88.85,52.19,591.43,73.57,1.1823,0,0,19.28,17.43,-0.43,44,0,0.0676,-0.0441,-0.6524
bed2,bed_bath_table,2018-07-01,43,3909.13,8.17,90.91,46,477,1,3999,4.6,25,20,6,1,7,2018,7.574,31834,119.21,4.8,11.32,108.05,3.5,18.53,109.29,4.9,6.38,91.85,54.55,1563.48,112.18,0.8104,1,0,38.76,42.75,0.25,134,0,-0.0855,0.0997,-1.1661
bed3,bed_bath_table,2017-12-01,59,4332.37,6.04,73.43,45,168,5,1116,5.0,68,19,6,0,12,2017,18.8809,19549,60.3,3.8,11.79,92.97,4.3,13.63,71.18,3.8,28.56,71.95,44.06,1732.83,74.82,0.9814,1,1,68.22,44.56,14.44,92,0,0.0762,-0.1799,-2.3609
perfumery2,perfumery,2017-10-01,51,5301.45,16.15,103.95,52,122,5,2162,4.2,191,19,6,2,10,2017,14.1886,18272,103.68,4.7,8.13,108.94,3.6,15.36,96.67,3.8,6.87,103.02,62.37,2120.58,103.1,1.0082,0,0,60.24,56.46,-5.46,180,0,-0.0487,0.1087,-2.232
watches6,watches,2018-06-01,54,4049.46,8.12,74.99,34,280,3,938,3.6,153,22,6,2,6,2018,4.1424,3137,101.91,4.6,13.42,83.23,4.4,23.31,87.08,4.9,15.96,72.87,44.99,1620.0,90.74,0.8264,1,0,58.81,65.61,-11.61,153,0,0.0186,-0.0394,-2.1183
bed2,bed_bath_table,2018-02-01,24,918.0,21.69,38.25,55,392,2,1737,4.7,24,23,8,2,2,2018,3.2407,7742,47.47,4.2,29.99,48.37,4.9,27.04,43.15,4.4,18.25,40.03,22.95,367.2,46.33,0.8256,1,0,19.9,29.65,-5.65,53,0,0.0872,-0.2331,-2.6732
bed2,bed_bath_table,2018-04-01,25,2105.5,12.17,84.22,64,108,2,4421,4.2,20,19,6,1,4,2018,10.7039,42525,81.6,4.0,15.14,64.26,4.4,8.04,95.58,3.2,29.63,81.11,50.53,842.25,80.48,1.0465,0,0,21.43,20.08,4.92,41,0,0.0356,-0.0796,-2.236
garden3,garden_tools,2017-11-01,52,4898.92,23.26,94.21,46,370,4,3596,4.2,88,22,8,1,11,2017,5.9616,41881,89.65,5.0,10.51,93.49,4.7,20.87,89.78,3.1,9.15,93.0,56.53,1959.36,90.97,1.0356,0,1,56.74,53.03,-1.03,99,0,-0.0171,0.0413,-2.4152
health4,health_beauty,2018-06-01,1,37.02,16.31,37.02,24,486,1,1913,3.5,124,18,6,2,6,2018,6.5717,36151,29.73,3.3,24.06,54.78,3.0,19.55,35.34,4.1,7.86,35.26,22.21,14.81,39.95,0.9267,1,0,0.84,0.76,0.24,123,0,0.0379,-0.0654,-1.7256
perfumery2,perfumery,2017-12-01,49,8424.57,8.65,171.93,21,192,2,3579,4.5,77,19,7,2,12,2017,17.7985,34472,209.31,4.5,18.56,203.75,4.4,7.96,163.22,4.9,5.22,167.15,103.16,3369.73,192.09,0.895,1,1,54.62,43.35,5.65,158,0,-0.0312,0.0142,-0.4551
garden10,garden_tools,2017-06-01,29,3557.14,7.79,122.66,52,553,5,1551,3.2,52,18,7,2,6,2017,3.6122,17428,101.72,3.4,8.74,115.38,4.7,10.3,113.85,4.7,8.89,126.1,73.6,1422.74,110.32,1.1119,0,0,32.83,27.24,1.76,62,0,-0.0445,0.1205,-2.7079
furniture1,furniture,2018-05-01,63,6612.48,16.53,104.96,35,116,1,2413,4.8,78,18,6,2,5,2018,14.8766,29242,117.51,3.7,14.52,119.79,3.1,12.78,120.19,4.4,10.18,101.82,62.98,2644.74,119.16,0.8808,1,0,56.46,57.79,5.21,105,0,0.0993,-0.0976,-0.9829
bed1,bed_bath_table,2018-02-01,22,2503.16,20.24,113.78,42,253,1,1614,3.7,150,23,9,2,2,2018,6.8806,12331,156.71,3.6,15.36,114.58,4.7,9.17,140.13,3.3,20.76,109.0,68.27,1001.22,137.14,0.8297,1,0,25.11,17.95,4.05,71,0,0.0502,-0.054,-1.0757
watches8,watches,2018-06-01,26,8899.02,20.63,342.27,57,504,3,1331,3.3,147,19,7,2,6,2018,15.6859,48732,296.3,4.9,23.85,393.33,3.5,11.09,402.49,3.5,10.49,341.4,205.36,3559.66,364.04,0.9402,1,0,21.22,31.29,-5.29,76,0,0.0289,-0.079,-2.7336
bed2,bed_bath_table,2018-03-01,28,3349.64,10.52,119.63,35,427,2,1745,3.9,84,18,8,0,3,2018,15.0034,20056,159.91,4.9,5.52,101.0,4.3,11.69,144.33,4.8,5.51,113.77,71.78,1339.8,135.08,0.8856,1,0,33.1,28.5,-0.5,70,0,-0.0289,0.012,-0.4152
garden1,garden_tools,2017-12-01,49,1567.02,9.08,31.98,33,248,3,3099,3.1,112,23,6,2,12,2017,2.1331,25843,44.61,3.4,11.73,27.17,4.6,13.39,33.01,3.4,25.67,30.65,19.19,626.71,34.93,0.9155,1,1,41.7,35.05,13.95,118,0,-0.0902,0.127,-1.408
garden10,garden_tools,2017-07-01,49,5739.37,5.34,117.13,48,476,2,3540,4.4,50,23,8,1,7,2017,11.1644,23334,98.03,3.0,17.94,100.46,4.3,23.73,134.04,3.6,14.14,120.73,70.28,2295.65,110.84,1.0567,0,0,57.48,35.75,13.25,100,0,-0.0938,0.1859,-1.9819
computers1,computers,2017-11-01,20,5292.8,18.58,264.64,45,366,4,4156,4.8,187,19,9,1,11,2017,4.5078,47262,351.9,4.4,11.72,385.02,3.2,19.3,267.13,3.3,13.84,271.82,158.78,2117.2,334.68,0.7907,1,1,22.38,22.46,-2.46,63,0,0.0108,-0.0095,-0.8796
garden10,garden_tools,2017-07-01,63,7133.49,6.53,113.23,54,521,3,405,4.7,68,23,6,1,7,2017,17.5921,39788,125.65,3.8,20.71,147.16,4.2,29.66,123.02,4.4,12.56,117.93,67.94,2853.27,131.94,0.8582,1,0,73.97,73.78,-10.78,247,0,0.0524,-0.1194,-2.2786
bed4,bed_bath_table,2018-07-01,61,7147.98,13.42,117.18,34,427,3,3636,3.3,48,19,7,2,7,2018,17.6885,33922,157.48,3.2,17.05,102.16,4.1,15.37,125.0,4.9,29.38,121.33,70.31,2859.07,128.21,0.914,1,0,72.93,58.63,2.37,118,0,0.0075,-0.0079,-1.0533
computers6,computers,2017-11-01,49,14430.01,17.03,294.49,22,205,5,1823,3.3,12,19,8,1,11,2017,9.5302,23705,336.54,4.4,14.04,262.47,4.8,23.85,273.76,3.5,9.25,299.88,176.69,5772.2,290.92,1.0123,0,1,51.9,40.04,8.96,147,0,0.0682,-0.197,-2.8886
watches6,watches,2018-06-01,1,301.09,23.74,301.09,42,571,3,1789,4.6,16,20,7,0,6,2018,9.9991,19330,360.49,4.1,28.73,390.85,3.8,26.79,308.37,4.0,27.46,287.61,180.65,120.44,353.24,0.8524,1,0,1.14,1.29,-0.29,3,0,-0.0933,0.0606,-0.6495
cool1,cool_stuff,2018-03-01,13,1048.84,11.24,80.68,48,480,2,1617,4.8,58,18,7,2,3,2018,7.4591,8912,90.87,5.0,20.8,69.96,3.6,21.97,103.57,4.3,24.42,82.96,48.41,419.51,88.13,0.9155,1,0,14.75,9.53,3.47,34,0,-0.0266,0.0464,-1.7444
health5,health_beauty,2018-07-01,2,174.16,10.0,87.08,53,134,5,4017,3.9,35,21,6,1,7,2018,14.8989,4166,114.83,3.5,8.25,80.63,4.5,15.3,83.76,5.0,6.91,90.09,52.25,69.66,93.07,0.9356,1,0,1.77,2.53,-0.53,109,0,-0.0526,0.064,-1.2167
bed5,bed_bath_table,2018-04-01,56,3827.6,18.08,68.35,52,218,3,519,4.0,170,19,8,0,4,2018,8.4559,37545,84.78,3.8,19.0,100.65,3.8,23.84,62.21,3.2,29.67,70.39,41.01,1531.04,82.55,0.828,1,0,46.1,49.84,6.16,200,0,-0.0105,0.025,-2.381
furniture2,furniture,2018-05-01,111,14315.67,17.38,128.97,60,113,3,3036,3.6,110,18,9,0,5,2018,6.8203,21286,143.51,4.1,24.52,121.42,4.3,10.09,133.92,4.0,11.78,129.08,77.38,5726.49,132.95,0.9701,1,0,94.04,126.36,-15.36,168,1,-0.0855,0.0944,-1.1041
computers1,computers,2017-06-01,32,7465.6,11.64,233.3,60,113,4,3962,4.8,185,23,7,1,6,2017,9.7802,6015,308.17,4.6,22.71,290.74,4.3,13.19,281.28,3.8,7.46,227.07,139.98,2986.24,293.4,0.7952,1,0,27.94,23.36,8.64,91,0,0.0908,-0.0761,-0.8381
health3,health_beauty,2018-02-01,30,2740.5,23.56,91.35,42,365,3,4329,4.3,88,22,6,0,2,2018,3.6468,42473,86.52,4.1,9.3,135.56,4.8,18.67,101.58,4.7,25.73,94.5,54.81,1096.2,107.89,0.8467,1,0,34.41,23.0,7.0,68,0,-0.0553,0.0926,-1.6745
computers6,computers,2017-10-01,2,361.58,21.9,180.79,26,239,1,1550,3.6,11,19,6,1,10,2017,15.4389,27127,161.7,4.2,29.31,186.34,4.2,19.39,209.07,4.0,22.67,184.9,108.47,144.64,185.7,0.9736,1,0,2.07,1.41,0.59,57,0,0.0845,-0.1073,-1.2698
watches5,watches,2017-07-01,49,9996.0,9.48,204.0,22,393,5,3196,3.6,136,23,9,0,7,2017,2.2267,15698,182.83,3.5,16.22,155.68,4.0,5.55,190.81,3.2,20.43,213.81,122.4,3998.4,176.44,1.1562,0,0,48.25,53.26,-4.26,84,0,-0.0148,0.0255,-1.723
furniture1,furniture,2017-07-01,45,5908.95,9.78,131.31,51,463,1,3361,4.8,169,23,6,2,7,2017,13.6007,4485,131.36,4.7,8.98,122.53,3.3,28.63,148.19,4.3,8.9,126.79,78.79,2363.4,134.03,0.9797,1,0,48.08,35.32,9.68,148,0,0.0971,-0.0482,-0.4964
computers4,computers,2018-07-01,30,8162.1,15.25,272.07,50,218,5,1264,3.0,141,23,7,2,7,2018,5.2916,46403,256.62,3.9,9.5,373.6,3.2,22.42,270.87,4.5,16.96,264.61,163.24,3264.9,300.36,0.9058,1,0,34.81,31.61,-1.61,60,0,0.0108,-0.0173,-1.6019
computers1,computers,2018-08-01,16,5300.16,20.47,331.26,37,337,4,1969,3.6,29,23,6,2,8,2018,6.1833,41435,449.87,3.3,7.46,463.25,3.3,17.39,405.94,3.0,24.51,321.71,198.76,2120.0,439.69,0.7534,1,0,14.95,17.21,-1.21,52,0,0.0862,-0.0554,-0.6427
watches5,watches,2018-01-01,40,12564.4,5.88,314.11,62,133,3,1919,4.1,126,23,8,2,1,2018,13.4414,29975,271.23,4.3,25.09,416.63,3.3,28.33,355.94,4.7,12.59,323.3,188.47,5025.6,347.93,0.9028,1,0,37.36,36.61,3.39,99,0,-0.0989,0.0748,-0.7563
garden4,garden_tools,2017-11-01,19,1037.21,18.87,54.59,26,268,3,2805,3.3,173,19,8,2,11,2017,19.873,40716,66.57,3.4,8.05,45.57,4.3,15.98,51.29,3.4,12.79,52.88,32.75,414.96,54.48,1.002,0,1,18.6,21.6,-2.6,48,0,0.0496,-0.0918,-1.8508
bed3,bed_bath_table,2017-09-01,18,2010.42,17.96,111.69,60,109,3,3615,3.2,41,21,7,1,9,2017,15.9989,19903,102.03,3.2,8.13,150.41,4.5,29.51,98.18,4.1,5.08,106.85,67.01,804.24,116.87,0.9557,1,0,17.43,23.24,-5.24,48,0,0.0806,-0.1899,-2.3561
health1,health_beauty,2018-04-01,1,67.35,9.63,67.35,20,221,5,1442,4.6,37,20,8,2,4,2018,6.0651,4181,89.51,4.7,26.26,96.92,4.1,17.81,58.54,3.8,9.36,70.71,40.41,26.94,81.66,0.8248,1,0,0.88,0.76,0.24,2,0,-0.0721,0.1343,-1.8627
perfumery1,perfumery,2018-02-01,47,3878.91,18.63,82.53,33,500,3,2326,4.8,86,23,9,2,2,2018,5.1684,26519,113.63,3.9,13.62,99.07,4.7,7.86,83.94,4.4,26.89,78.61,49.52,1551.47,98.88,0.8346,1,0,38.31,59.83,-12.83,82,0,-0.0808,0.0555,-0.6869
watches8,watches,2017-11-01,66,17321.7,23.8,262.45,51,244,1,1179,4.6,10,23,6,2,11,2017,17.5922,28086,283.26,4.5,5.77,382.04,5.0,24.12,254.48,3.7,16.04,271.25,157.47,6928.68,306.59,0.856,1,1,58.41,61.2,4.8,150,0,-0.0151,0.0357,-2.3642
garden1,garden_tools,2018-01-01,38,3237.98,5.94,85.21,25,550,3,4306,4.8,197,20,7,2,1,2018,9.9953,42792,113.11,3.6,6.3,116.75,4.6,21.97,97.2,4.7,29.61,84.06,51.13,1295.04,109.02,0.7816,1,0,36.61,47.48,-9.48,120,0,0.0867,-0.1328,-1.5317
bed3,bed_bath_table,2017-05-01,121,7746.42,11.39,64.02,58,545,4,4663,4.1,65,19,9,0,5,2017,4.467,38021,51.41,4.6,8.55,80.04,4.4,24.32,68.8,4.5,14.89,66.21,38.41,3098.81,66.75,0.9591,1,0,112.05,127.02,-6.02,161,1,0.0085,-0.0063,-0.7412
watches8,watches,2017-11-01,63,16476.39,13.76,261.53,29,322,1,2879,4.6,44,18,6,2,11,2017,17.5198,40350,337.89,3.2,10.33,309.36,4.1,28.79,253.61,4.3,22.88,262.96,156.92,6590.43,300.29,0.8709,1,1,56.53,73.66,-10.66,140,0,0.0055,-0.0111,-2.0182
health1,health_beauty,2017-10-01,2,79.8,22.99,39.9,26,470,3,2628,3.8,121,22,9,2,10,2017,16.6897,37270,37.39,3.7,21.63,40.36,3.9,24.41,36.59,4.6,12.05,41.5,23.94,31.92,38.11,1.047,0,0,2.07,1.9,0.1,11,0,-0.0718,0.0863,-1.2019
garden10,garden_tools,2018-02-01,2,132.56,24.25,66.28,45,356,3,913,4.3,39,22,7,1,2,2018,19.7103,6129,89.16,5.0,8.93,57.63,3.2,20.28,60.13,4.5,14.1,69.1,39.77,53.02,68.97,0.961,1,0,2.06,1.71,0.29,2,0,-0.0998,0.2308,-2.3126
computers2,computers,2018-06-01,8,1929.84,13.88,241.23,53,367,2,2131,5.0,63,18,7,0,6,2018,18.3754,28210,193.15,4.6,7.97,290.37,3.8,26.43,298.91,3.1,9.77,229.39,144.74,771.92,260.81,0.9249,1,0,8.96,9.66,-1.66,16,0,0.062,-0.167,-2.6935
consoles1,consoles_games,2018-04-01,29,2337.11,20.0,80.59,49,458,5,422,3.5,45,19,9,1,4,2018,17.3322,30828,91.37,4.0,24.12,79.67,4.8,21.83,77.33,3.8,13.68,77.17,48.35,934.96,82.79,0.9734,1,0,27.94,28.9,0.1,45,0,-0.0825,0.064,-0.7758
furniture1,furniture,2018-01-01,55,9302.7,15.63,169.14,55,103,1,3069,3.8,192,22,6,2,1,2018,2.9463,12778,212.1,3.7,21.78,236.77,4.6,15.2,193.37,4.9,18.68,164.92,101.48,3721.3,214.08,0.7901,1,0,48.5,70.32,-15.32,206,0,0.0268,-0.073,-2.7239
cool4,cool_stuff,2017-05-01,3,180.0,15.76,60.0,40,525,2,1003,4.0,89,20,8,1,5,2017,3.8795,8917,57.31,4.7,15.88,89.7,3.4,27.14,72.89,3.3,29.79,61.02,36.0,72.0,73.3,0.8186,1,0,3.4,3.18,-0.18,6,0,0.0829,-0.1857,-2.24
cool2,cool_stuff,2018-05-01,32,2299.84,10.56,71.87,36,496,4,1641,3.3,67,18,8,1,5,2018,12.2417,35265,65.82,4.1,18.73,94.46,3.9,10.55,80.95,4.5,21.61,74.66,43.12,920.0,80.41,0.8938,1,0,34.53,24.25,7.75,66,0,-0.0583,0.0353,-0.6055
watches7,watches,2017-08-01,10,2801.6,9.34,280.16,52,453,5,3603,3.2,92,21,9,2,8,2017,11.5666,9463,238.26,4.5,12.8,229.13,4.6,22.87,346.5,4.9,9.98,279.04,168.1,1120.6,271.3,1.0327,0,0,11.01,8.68,1.32,22,0,0.0331,-0.0672,-2.0302
cool4,cool_stuff,2018-01-01,34,2638.4,10.76,77.6,29,205,1,2753,4.7,74,19,7,0,1,2018,10.2433,49052,77.28,4.5,17.06,75.0,3.1,27.04,79.66,3.1,6.12,78.43,46.56,1055.36,77.31,1.0038,0,0,28.4,39.61,-5.61,62,0,-0.0843,0.0232,-0.2752
bed1,bed_bath_table,2017-08-01,55,5333.9,16.13,96.98,66,184,3,2576,5.0,78,18,6,0,8,2017,9.1422,37792,110.16,3.0,17.67,80.67,3.8,23.28,124.16,4.4,8.16,93.96,58.19,2133.45,105.0,0.9236,1,0,58.04,61.88,-6.88,170,0,0.0208,-0.0053,-0.2548
computers6,computers,2018-02-01,32,9376.64,5.58,293.02,61,313,1,3440,3.8,137,22,6,1,2,2018,9.7618,25509,254.78,3.3,14.68,362.72,4.7,22.43,266.62,3.9,19.06,301.96,175.81,3750.72,294.71,0.9943,1,0,37.08,30.98,1.02,54,0,-0.0672,0.1511,-2.2485
garden3,garden_tools,2017-07-01,50,2734.5,23.14,54.69,31,220,3,4343,3.2,60,19,7,2,7,2017,12.2474,28175,56.11,4.3,27.66,72.4,3.8,23.82,49.0,4.2,24.13,57.25,32.81,1094.0,59.17,0.9243,1,0,57.17,60.46,-10.46,92,0,0.0472,-0.1362,-2.8856
health10,health_beauty,2018-01-01,7,364.14,8.13,52.02,35,231,5,1241,3.1,31,20,8,1,1,2018,2.0374,36675,41.9,3.3,5.4,75.13,3.2,16.63,59.64,3.2,28.51,50.82,31.21,145.67,58.89,0.8833,1,0,7.79,6.42,0.58,22,0,-0.0398,0.0408,-1.0251
health4,health_beauty,2018-05-01,8,465.76,9.4,58.22,60,437,3,949,4.8,116,19,6,1,5,2018,6.6928,7231,75.17,3.5,24.55,62.8,4.1,26.85,74.19,3.1,5.4,58.19,34.93,186.32,70.72,0.8232,1,0,9.16,9.87,-1.87,19,0,-0.0073,0.0127,-1.7397
garden6,garden_tools,2017-06-01,65,2298.4,15.37,35.36,51,296,4,466,3.9,118,19,9,1,6,2017,11.329,41063,31.01,4.9,8.11,50.42,4.7,10.09,42.93,4.3,18.07,33.9,21.22,919.1,41.45,0.8531,1,0,71.4,50.52,14.48,213,0,0.0199,-0.0541,-2.7186
garden5,garden_tools,2018-07-01,57,5189.85,19.2,91.05,34,118,3,2997,3.6,125,20,8,2,7,2018,14.9999,11832,88.32,4.1,24.94,128.24,4.2,8.18,80.52,4.6,16.77,91.59,54.63,2075.94,99.03,0.9194,1,0,53.86,47.7,9.3,165,0,-0.0657,0.0669,-1.0183
consoles2,consoles_games,2017-08-01,67,7357.27,6.91,109.81,46,229,4,1189,4.0,110,23,9,2,8,2017,5.1348,19677,89.06,4.5,20.4,108.48,3.5,12.14,107.14,4.6,21.4,109.84,65.89,2942.64,101.56,1.0812,0,0,67.31,86.91,-19.91,143,0,0.0483,-0.1407,-2.913
furniture3,furniture,2018-07-01,59,15131.14,11.35,256.46,47,111,5,4141,3.6,190,20,8,0,7,2018,11.8439,24218,271.68,4.1,26.08,359.47,3.8,18.29,325.36,4.1,18.99,247.34,153.88,6052.22,318.84,0.8044,1,0,66.97,59.6,-0.6,184,0,-0.0395,0.0223,-0.5646
computers2,computers,2017-10-01,54,19189.44,24.37,355.36,36,180,5,2138,4.0,109,19,7,2,10,2017,14.8603,3411,463.42,4.1,7.44,366.64,3.9,17.76,342.52,3.2,22.18,353.3,213.22,7675.56,390.86,0.9092,1,0,51.07,41.78,12.22,97,0,0.0325,-0.0849,-2.6123
watches5,watches,2017-06-01,67,14525.6,10.25,216.8,65,429,1,2960,4.7,173,20,9,1,6,2017,10.0033,19299,224.45,3.2,18.97,210.87,4.2,25.51,260.49,4.4,21.45,213.2,130.08,5810.24,231.94,0.9347,1,0,66.82,75.5,-8.5,190,0,-0.0683,0.1806,-2.6442
garden1,garden_tools,2018-07-01,51,3332.34,11.26,65.34,69,453,4,4370,4.2,77,23,9,1,7,2018,2.4875,49902,59.31,3.7,17.53,80.81,4.5,15.11,79.8,3.5,7.93,65.48,39.2,1333.14,73.31,0.8913,1,0,55.29,56.13,-5.13,132,0,0.0376,-0.0943,-2.508
bed2,bed_bath_table,2017-12-01,106,3594.46,21.73,33.91,21,361,4,1954,4.4,45,18,7,0,12,2017,10.0868,15694,42.46,3.6,22.65,33.78,3.2,17.11,36.38,4.8,24.99,34.2,20.35,1437.36,37.54,0.9033,1,1,108.12,100.16,5.84,17,1,-0.0744,0.0232,-0.3118
bed1,bed_bath_table,2017-12-01,34,3849.48,6.0,113.22,55,491,2,4783,3.7,189,20,9,2,12,2017,7.336,5451,144.16,3.8,18.36,138.43,4.8,5.33,115.92,4.7,8.08,107.66,67.93,1539.86,132.84,0.8523,1,1,40.36,36.1,-2.1,102,0,-0.0149,0.0158,-1.0604
watches1,watches,2017-05-01,35,11400.55,14.29,325.73,69,224,2,594,4.5,190,20,8,1,5,2017,18.7337,41366,294.54,4.6,18.52,393.28,3.0,15.24,342.85,4.4,22.46,334.23,195.44,4560.15,343.56,0.9481,1,0,31.83,27.74,7.26,129,0,-0.0506,0.0383,-0.7569
bed5,bed_bath_table,2018-04-01,32,1688.64,12.59,52.77,26,406,2,3282,4.3,187,19,6,0,4,2018,4.243,28833,66.62,3.7,15.74,61.88,3.7,21.19,50.24,4.9,15.4,53.89,31.66,675.52,59.58,0.8857,1,0,31.23,31.28,0.72,128,0,0.0497,-0.0938,-1.8873
perfumery2,perfumery,2017-07-01,46,6178.26,11.33,134.31,32,366,3,1884,3.2,178,18,6,0,7,2017,13.7446,22173,183.79,3.9,12.72,139.05,3.1,5.39,167.92,3.1,17.85,132.51,80.59,2471.12,163.59,0.821,1,0,38.6,36.84,9.16,139,0,-0.0476,0.098,-2.0588
garden10,garden_tools,2018-02-01,16,550.88,10.71,34.43,34,546,2,3610,4.1,155,21,7,1,2,2018,2.949,49385,30.98,3.8,17.06,39.99,3.8,12.02,36.25,4.5,27.58,32.89,20.66,220.32,35.74,0.9633,1,0,13.28,20.34,-4.34,40,0,0.0763,-0.1788,-2.3434
computers4,computers,2018-01-01,68,12573.88,6.83,184.91,44,540,4,3886,3.5,31,21,8,1,1,2018,10.0311,41370,233.47,3.2,7.96,221.4,4.1,10.2,230.6,3.7,27.25,189.62,110.95,5029.28,228.49,0.8093,1,0,60.74,70.36,-2.36,140,0,0.0784,-0.1297,-1.6543
consoles1,consoles_games,2017-09-01,37,2763.53,11.3,74.69,42,482,3,4230,4.6,75,22,9,2,9,2017,11.9716,6065,91.51,3.9,29.04,86.59,4.0,6.05,67.04,4.8,25.45,78.09,44.81,1105.56,81.71,0.9141,1,0,30.75,33.46,3.54,79,0,-0.0607,0.0883,-1.4547
furniture3,furniture,2017-10-01,54,7818.66,5.86,144.79,41,239,5,1098,3.9,30,20,9,0,10,2017,7.3632,23321,156.97,3.4,22.86,156.85,3.3,16.98,187.46,3.5,17.75,141.03,86.87,3127.68,167.09,0.8665,1,0,60.71,58.79,-4.79,146,0,0.0228,-0.0281,-1.2325
watches8,watches,2017-08-01,14,4882.5,20.62,348.75,45,428,1,4569,5.0,109,20,6,1,8,2017,10.1914,25994,291.12,3.4,28.81,265.4,4.3,9.54,366.0,4.4,23.41,342.6,209.25,1953.0,307.51,1.1341,0,0,15.1,14.3,-0.3,34,0,-0.0825,0.1881,-2.28
watches5,watches,2018-02-01,55,14249.4,12.96,259.08,52,101,2,1551,3.2,137,18,9,0,2,2018,4.944,34441,218.88,3.2,10.67,308.38,3.1,23.58,225.79,4.8,17.82,250.89,155.45,5699.65,251.02,1.0321,0,0,58.51,47.42,7.58,208,0,-0.0217,0.0075,-0.3456
bed3,bed_bath_table,2018-08-01,48,3099.84,13.88,64.58,30,107,5,1851,4.6,53,23,6,2,8,2018,7.4742,9124,84.69,3.7,26.98,56.59,4.5,26.2,56.0,3.1,26.74,65.08,38.75,1239.84,65.76,0.9821,1,0,53.62,48.01,-0.01,116,0,0.0427,-0.1078,-2.5246
health1,health_beauty,2017-06-01,7,552.79,22.87,78.97,29,349,4,2380,4.3,112,21,7,1,6,2017,13.1799,47662,110.09,4.5,25.22,97.29,4.9,18.64,93.64,3.8,15.07,76.24,47.38,221.13,100.34,0.787,1,0,7.47,5.45,1.55,17,0,0.0319,-0.0094,-0.2947
health5,health_beauty,2018-03-01,7,652.54,18.16,93.22,44,238,1,4900,4.5,56,22,9,2,3,2018,7.4324,46524,112.39,3.6,21.93,123.0,3.7,29.54,106.88,4.5,29.26,91.88,55.93,261.03,114.09,0.8171,1,0,5.8,8.57,-1.57,17,0,0.0249,-0.0737,-2.9598
furniture1,furniture,2017-12-01,33,9600.03,5.16,290.91,56,223,5,4758,3.6,48,18,8,0,12,2017,18.1954,1335,310.57,3.6,20.63,327.37,4.0,16.26,352.28,3.9,28.31,296.64,174.55,3839.88,330.07,0.8814,1,1,36.0,39.36,-6.36,119,0,-0.0435,0.0719,-1.6529
health5,health_beauty,2018-03-01,23,566.49,23.86,24.63,67,408,1,3034,4.0,38,20,9,2,3,2018,13.3113,19146,29.27,4.3,12.91,28.49,3.8,17.83,22.1,3.5,23.54,24.78,14.78,226.55,26.62,0.9252,1,0,20.13,29.32,-6.32,72,0,-0.0244,0.0504,-2.0656
computers6,computers,2018-05-01,19,4424.15,9.74,232.85,62,327,2,3834,4.6,63,21,6,2,5,2018,9.8957,12324,269.32,3.4,25.41,340.8,3.0,29.73,201.65,3.4,11.99,230.21,139.71,1769.66,270.59,0.8605,1,0,21.58,22.94,-3.94,58,0,-0.0794,0.1384,-1.7431
computers3,computers,2017-10-01,19,3275.98,7.15,172.42,57,109,4,3446,3.5,99,22,7,0,10,2017,2.6976,37835,177.62,4.8,17.54,238.87,3.8,10.79,186.02,3.3,8.29,171.04,103.45,1310.43,200.84,0.8585,1,0,19.8,23.55,-4.55,44,0,0.0438,-0.0614,-1.4018
perfumery1,perfumery,2017-09-01,36,2892.6,20.36,80.35,60,568,1,1973,3.5,94,19,6,2,9,2017,10.9919,4315,67.44,4.0,6.77,115.36,4.6,28.56,82.31,4.7,26.37,80.85,48.21,1157.04,88.37,0.9092,1,0,35.31,27.79,8.21,128,0,0.0008,-0.0014,-1.75
cool1,cool_stuff,2018-01-01,29,924.52,15.01,31.88,64,311,5,4634,4.1,26,21,9,0,1,2018,15.766,49898,41.22,3.9,12.82,43.37,4.2,6.07,33.73,4.2,9.13,30.3,19.13,369.75,39.44,0.8083,1,0,27.22,26.7,2.3,46,0,0.0418,-0.0768,-1.8373
cool4,cool_stuff,2017-05-01,60,3916.8,13.68,65.28,43,211,2,3903,4.0,89,22,6,1,5,2017,6.78,2929,66.79,4.1,28.38,54.29,3.2,16.16,84.62,3.2,26.36,62.53,39.17,1566.6,68.57,0.952,1,0,70.51,46.01,13.99,221,0,-0.0502,0.0476,-0.9482
health1,health_beauty,2017-09-01,2,102.12,9.99,51.06,59,107,2,2079,3.6,197,18,6,0,9,2017,16.5219,42450,65.93,3.3,26.27,44.0,4.7,6.75,65.71,3.8,17.27,53.01,30.64,40.84,58.55,0.8721,1,0,2.14,2.53,-0.53,6,0,-0.0351,0.0379,-1.0798
furniture3,furniture,2017-10-01,1,130.47,15.95,130.47,65,391,5,798,3.6,168,19,7,0,10,2017,6.5325,42386,124.14,4.2,29.55,149.38,4.1,23.23,166.22,3.7,15.16,124.96,78.28,52.19,146.58,0.8901,1,0,1.08,0.86,0.14,2,0,-0.0332,0.0221,-0.6657
health10,health_beauty,2017-09-01,47,1940.16,10.49,41.28,52,576,5,1412,3.6,82,22,8,1,9,2017,16.8274,44898,33.05,3.7,20.7,38.58,4.7,20.21,49.65,3.4,27.58,42.13,24.77,775.97,40.43,1.021,0,0,52.07,39.17,7.83,129,0,-0.0949,0.2183,-2.3003
furniture3,furniture,2017-10-01,69,10990.32,23.03,159.28,36,461,1,3062,4.5,58,22,9,0,10,2017,3.5348,3107,142.61,4.8,11.19,176.41,4.2,22.67,160.82,3.9,20.1,165.97,95.57,4395.99,159.95,0.9958,1,0,68.77,70.88,-1.88,219,0,-0.0318,0.0411,-1.2925
health10,health_beauty,2017-10-01,20,816.0,9.3,40.8,43,559,3,3038,4.3,110,20,7,1,10,2017,17.5913,26150,44.11,3.3,9.07,42.67,4.1,14.36,42.25,3.7,19.42,39.86,24.48,326.4,43.01,0.9486,1,0,21.54,14.6,5.4,31,0,0.0607,-0.0826,-1.3608
garden4,garden_tools,2017-11-01,11,898.26,22.69,81.66,56,352,2,4887,4.7,11,23,8,1,11,2017,10.9854,39198,111.6,4.0,9.67,94.89,3.2,14.24,89.61,3.7,18.97,80.6,49.0,359.26,98.7,0.8274,1,1,10.56,11.33,-0.33,40,0,0.0795,-0.1562,-1.9648
watches7,watches,2018-08-01,2,119.38,16.19,59.69,21,113,1,2400,5.0,185,21,6,0,8,2018,7.3377,32853,51.41,4.2,5.49,78.2,3.3,6.13,73.05,4.5,14.28,60.1,35.81,47.76,67.55,0.8836,1,0,2.22,2.17,-0.17,5,0,0.0036,-0.0059,-1.6389
watches7,watches,2017-08-01,67,8973.31,21.57,133.93,51,339,5,3297,3.9,151,20,8,2,8,2017,6.772,37290,175.79,3.1,14.77,172.32,4.9,13.75,117.98,3.4,24.64,139.04,80.36,3589.19,155.36,0.8621,1,0,58.87,81.66,-14.66,158,0,-0.0089,0.0189,-2.1236
bed2,bed_bath_table,2018-06-01,12,804.12,19.26,67.01,43,537,1,226,3.1,68,19,6,2,6,2018,9.7762,12491,74.8,3.7,9.79,76.45,3.5,28.23,69.75,4.3,11.32,69.97,40.21,321.6,73.67,0.9096,1,0,10.99,13.03,-1.03,22,0,-0.0938,0.2441,-2.6023
furniture3,furniture,2018-03-01,20,4252.2,18.93,212.61,28,341,5,1291,3.1,106,23,6,1,3,2018,19.9829,21668,275.45,4.5,15.29,290.59,5.0,14.48,188.62,4.1,28.47,217.7,127.57,1700.8,251.55,0.8452,1,0,22.0,14.71,5.29,52,0,0.0758,-0.182,-2.4011
watches5,watches,2018-06-01,5,656.45,11.49,131.29,23,568,4,2739,3.6,108,22,7,2,6,2018,5.9659,31599,128.54,4.6,28.37,140.89,4.1,25.78,142.0,4.1,27.35,125.86,78.77,262.6,137.14,0.9573,1,0,4.94,6.13,-1.13,14,0,-0.0974,0.2634,-2.7043
consoles1,consoles_games,2018-06-01,37,2268.47,9.68,61.31,36,441,5,4489,4.9,195,20,6,2,6,2018,3.8579,39885,79.95,3.6,15.76,87.22,3.3,26.06,76.91,4.3,13.44,62.35,36.79,907.24,81.36,0.7536,1,0,35.04,45.26,-8.26,93,0,0.089,-0.0968,-1.0876
perfumery1,perfumery,2018-06-01,38,1574.34,9.22,41.43,36,248,5,4016,4.0,112,23,7,0,6,2018,12.5306,36419,52.35,4.6,26.95,33.29,3.2,14.33,49.8,4.1,23.24,41.06,24.86,629.66,45.15,0.9176,1,0,44.45,44.65,-6.65,121,0,-0.0022,0.0025,-1.1364
furniture1,furniture,2018-07-01,9,2582.28,22.14,286.92,69,335,5,1466,3.5,195,21,8,1,7,2018,10.7938,31916,269.14,4.9,20.14,420.62,3.4,20.8,273.3,4.8,19.33,286.08,172.15,1032.93,321.02,0.8938,1,0,9.07,9.0,0.0,23,0,-0.0316,0.0107,-0.3386
bed4,bed_bath_table,2017-12-01,53,3577.5,21.41,67.5,67,405,3,1119,3.8,188,19,8,1,12,2017,11.4355,6080,59.32,4.7,11.18,83.77,4.9,7.38,87.02,4.4,13.44,64.46,40.5,1431.0,76.7,0.8801,1,1,43.44,67.85,-14.85,207,0,0.0848,-0.0811,-0.9564
furniture1,furniture,2017-11-01,44,9145.84,13.81,207.86,49,577,5,4179,4.2,11,18,6,0,11,2017,14.0048,7554,274.55,3.2,13.9,215.15,3.8,7.59,239.1,4.1,29.71,201.44,124.72,3658.16,242.93,0.8556,1,1,39.79,54.41,-10.41,132,0,-0.0951,0.2714,-2.8538
watches3,watches,2018-01-01,24,7818.0,7.65,325.75,59,266,2,4614,4.3,50,20,7,2,1,2018,6.8086,24590,448.86,4.5,7.1,292.48,3.8,6.22,278.42,4.7,5.63,335.21,195.45,3127.2,339.92,0.9583,1,0,28.17,19.79,4.21,84,0,0.0163,-0.0085,-0.5215
health2,health_beauty,2017-11-01,30,798.6,12.65,26.62,30,119,2,4639,3.3,132,19,6,1,11,2017,18.392,40887,21.8,3.6,13.34,29.53,3.6,19.53,25.69,4.2,11.32,26.5,15.97,319.5,25.67,1.037,0,1,25.65,26.1,3.9,53,0,0.0098,-0.0057,-0.5816
health1,health_beauty,2017-07-01,59,5317.67,17.39,90.13,40,315,1,784,5.0,91,18,7,2,7,2017,9.8421,16323,111.65,5.0,21.94,80.75,3.3,15.65,87.18,3.6,18.0,88.34,54.08,2126.95,93.19,0.9672,1,0,60.53,56.15,2.85,147,0,-0.0561,0.0987,-1.7594
computers3,computers,2017-07-01,14,3721.62,14.09,265.83,40,442,3,3729,4.1,153,20,7,1,7,2017,4.3236,46515,357.73,4.0,6.8,232.53,4.0,18.7,234.24,3.4,18.05,262.75,159.5,1488.62,274.83,0.9673,1,0,13.48,14.61,-0.61,33,0,-0.0142,0.0193,-1.3592
computers2,computers,2018-07-01,9,1661.58,20.6,184.62,37,234,1,2987,3.3,141,19,7,1,7,2018,15.3614,37841,242.67,3.2,10.14,223.95,3.3,18.03,236.67,3.3,19.72,191.16,110.77,664.65,234.43,0.7875,1,0,10.39,10.39,-1.39,26,0,0.0305,-0.0081,-0.2656
bed3,bed_bath_table,2017-12-01,40,2680.4,24.95,67.01,48,492,2,1562,4.8,149,19,8,1,12,2017,13.5759,15839,92.39,4.5,14.54,76.55,4.7,13.76,71.38,4.8,23.79,68.68,40.21,1072.0,80.11,0.8365,1,1,46.73,28.2,11.8,146,0,0.0454,-0.0685,-1.5088
watches6,watches,2017-09-01,66,18696.48,8.82,283.28,43,228,2,4186,3.1,38,23,7,1,9,2017,7.6834,3991,355.82,3.6,29.55,354.83,3.7,21.94,354.98,4.4,20.59,276.83,169.97,7478.46,355.21,0.7975,1,0,76.8,73.24,-7.24,112,0,-0.0999,0.0465,-0.4655
furniture1,furniture,2017-08-01,25,4642.0,14.19,185.68,29,509,4,2361,4.8,144,20,8,2,8,2017,13.1873,1206,197.82,5.0,24.62,268.72,3.7,23.96,184.75,4.9,20.01,178.58,111.41,1856.75,217.1,0.8553,1,0,20.61,30.41,-5.41,42,0,0.0874,-0.2419,-2.7677
watches1,watches,2017-12-01,22,7602.98,13.62,345.59,64,521,5,4280,5.0,23,19,7,2,12,2017,5.9575,32457,341.16,5.0,23.34,397.15,3.9,5.37,313.23,4.2,6.34,337.02,207.35,3041.28,350.51,0.986,1,1,19.74,28.54,-6.54,80,0,-0.0671,0.1654,-2.465
health3,health_beauty,2018-07-01,4,200.56,11.09,50.14,36,393,2,2941,4.4,21,22,8,2,7,2018,10.0071,16228,49.76,4.3,7.9,59.45,3.9,10.18,53.32,3.9,14.41,52.25,30.08,80.24,54.18,0.9254,1,0,4.11,4.5,-0.5,8,0,-0.0533,0.0941,-1.7655
health3,health_beauty,2017-10-01,26,2079.22,8.96,79.97,37,345,1,1867,4.5,108,20,9,2,10,2017,18.1894,7497,98.74,3.3,24.52,65.35,5.0,22.83,72.08,3.1,10.8,80.62,47.98,831.74,78.72,1.0159,0,0,22.72,24.45,1.55,82,0,-0.0473,0.0645,-1.3636
garden5,garden_tools,2017-06-01,58,4298.96,6.31,74.12,61,288,1,4280,3.7,142,19,8,0,6,2017,4.4036,38501,92.46,4.4,24.63,95.48,4.1,14.67,79.21,4.3,11.63,74.37,44.47,1719.7,89.05,0.8323,1,0,57.98,62.75,-4.75,166,0,-0.0924,0.066,-0.7143
cool1,cool_stuff,2017-08-01,29,2263.16,22.74,78.04,67,143,5,3660,4.9,90,23,8,1,8,2017,8.9605,39023,71.81,3.2,20.03,81.94,3.2,21.56,98.65,4.2,18.86,78.79,46.82,905.38,84.13,0.9276,1,0,32.74,37.22,-8.22,104,0,-0.0754,0.0176,-0.2334
cool1,cool_stuff,2018-04-01,37,2214.08,13.4,59.84,39,185,5,2212,4.1,115,18,6,1,4,2018,16.7806,25663,79.04,3.1,29.76,88.72,4.2,13.67,64.89,5.0,9.99,59.04,35.9,885.78,77.55,0.7716,1,0,35.83,42.39,-5.39,67,0,0.0973,-0.186,-1.9116
computers3,computers,2018-03-01,18,2940.12,14.94,163.34,56,143,4,4858,4.5,41,18,7,1,3,2018,19.4508,18218,200.74,4.6,13.13,223.35,3.3,14.77,184.15,3.5,12.35,168.36,98.0,1176.12,202.75,0.8056,1,0,19.34,21.38,-3.38,33,0,-0.037,0.1061,-2.8676
garden2,garden_tools,2017-08-01,42,1243.2,23.34,29.6,64,429,3,726,4.8,83,22,9,0,8,2017,10.1707,22472,33.67,3.4,28.53,33.8,3.1,8.97,27.25,4.1,10.93,29.67,17.76,497.28,31.57,0.9376,1,0,46.79,34.36,7.64,121,0,-0.0769,0.0582,-0.7568
garden2,garden_tools,2018-07-01,41,1710.93,20.53,41.73,37,474,1,4259,5.0,180,20,6,2,7,2018,11.126,18731,45.19,3.8,27.87,35.15,4.9,11.46,36.29,4.3,28.71,40.13,25.04,684.29,38.88,1.0733,0,0,41.21,30.2,10.8,159,0,-0.0786,0.1028,-1.3079
furniture2,furniture,2017-10-01,38,3154.38,7.61,83.01,36,545,5,3514,4.7,90,23,7,1,10,2017,12.2991,40119,93.46,4.9,5.29,115.76,4.5,20.14,74.7,4.3,28.62,79.93,49.81,1261.6,94.64,0.8771,1,0,39.92,29.64,8.36,96,0,0.0439,-0.1073,-2.4442
health2,health_beauty,2017-10-01,34,885.02,16.31,26.03,28,477,1,1475,3.6,78,19,9,2,10,2017,18.7823,12626,23.31,3.7,16.25,35.14,5.0,15.83,29.14,4.1,20.25,26.13,15.62,353.94,29.2,0.8914,1,0,34.31,24.0,10.0,79,0,0.0709,-0.1145,-1.615
garden5,garden_tools,2017-05-01,17,1894.82,13.85,111.46,33,489,5,1281,4.9,54,19,9,2,5,2017,17.4477,24095,102.79,3.6,29.43,99.03,4.0,24.36,99.51,4.6,28.11,116.33,66.88,757.86,100.44,1.1097,0,0,15.85,18.64,-1.64,51,0,-0.0486,0.0448,-0.9218
furniture1,furniture,2018-06-01,117,23114.52,20.94,197.56,68,244,2,590,4.3,115,18,9,0,6,2018,5.0708,41133,168.85,4.8,7.58,191.92,4.1,26.31,201.35,3.4,24.65,193.77,118.54,9245.34,187.37,1.0544,0,0,102.25,140.51,-23.51,142,1,-0.0958,0.0807,-0.8424
garden3,garden_tools,2017-12-01,25,2968.5,19.48,118.74,48,150,1,3829,4.9,146,23,7,0,12,2017,9.8616,12618,105.94,3.2,18.69,159.71,3.3,18.54,130.32,4.5,19.75,123.13,71.24,1187.5,131.99,0.8996,1,1,28.86,30.49,-5.49,90,0,-0.0554,0.0887,-1.6011
